,Geolocation,Date,polarity
0,"ADANA,Turkey",2017-07-10 13:08:27+00:00,-1.0
1,"ADANA,Turkey",2017-07-11 08:06:49+00:00,-1.0
2,"ADANA,Turkey",2017-08-23 20:38:29+00:00,1.0
3,"ADIYAMAN,Turkey",2017-01-31 23:41:27+00:00,-1.0
4,"ADIYAMAN,Turkey",2017-01-31 23:42:45+00:00,-1.0
5,"ADIYAMAN,Turkey",2017-01-31 23:43:14+00:00,1.0
6,"ADIYAMAN,Turkey",2017-01-31 23:45:18+00:00,-1.0
7,"ADIYAMAN,Turkey",2017-01-31 23:45:35+00:00,1.0
8,"ADIYAMAN,Turkey",2017-01-31 23:48:44+00:00,-1.0
9,"ADIYAMAN,Turkey",2017-01-31 23:49:45+00:00,-1.0
10,"ADIYAMAN,Turkey",2017-01-31 23:51:21+00:00,-1.0
11,"ADIYAMAN,Turkey",2017-01-31 23:52:11+00:00,-1.0
12,"ADIYAMAN,Turkey",2017-01-31 23:52:39+00:00,1.0
13,"ADIYAMAN,Turkey",2017-01-31 23:53:10+00:00,-2.0
14,"ADIYAMAN,Turkey",2017-01-31 23:54:28+00:00,-1.0
15,"ADIYAMAN,Turkey",2017-01-31 23:55:16+00:00,-1.0
16,"ADIYAMAN,Turkey",2017-01-31 23:56:16+00:00,1.0
17,"ADIYAMAN,Turkey",2017-01-31 23:57:22+00:00,1.0
18,"ADIYAMAN,Turkey",2017-01-31 23:58:26+00:00,-1.0
19,"ADIYAMAN,Turkey",2017-02-28 23:33:04+00:00,1.0
20,"ADIYAMAN,Turkey",2017-02-28 23:33:28+00:00,1.0
21,"ADIYAMAN,Turkey",2017-02-28 23:35:18+00:00,1.0
22,"ADIYAMAN,Turkey",2017-02-28 23:35:44+00:00,-1.0
23,"ADIYAMAN,Turkey",2017-02-28 23:35:53+00:00,-1.0
24,"ADIYAMAN,Turkey",2017-02-28 23:37:13+00:00,-1.0
25,"ADIYAMAN,Turkey",2017-02-28 23:40:30+00:00,1.0
26,"ADIYAMAN,Turkey",2017-02-28 23:41:42+00:00,1.0
27,"ADIYAMAN,Turkey",2017-02-28 23:42:34+00:00,1.0
28,"ADIYAMAN,Turkey",2017-02-28 23:43:19+00:00,1.0
29,"ADIYAMAN,Turkey",2017-02-28 23:45:26+00:00,1.0
30,"ADIYAMAN,Turkey",2017-02-28 23:46:31+00:00,1.0
31,"ADIYAMAN,Turkey",2017-02-28 23:48:08+00:00,0.0
32,"ADIYAMAN,Turkey",2017-02-28 23:50:10+00:00,0.0
33,"ADIYAMAN,Turkey",2017-02-28 23:50:43+00:00,-1.0
34,"ADIYAMAN,Turkey",2017-02-28 23:52:27+00:00,1.0
35,"ADIYAMAN,Turkey",2017-02-28 23:53:29+00:00,1.0
36,"ADIYAMAN,Turkey",2017-02-28 23:53:41+00:00,1.0
37,"ADIYAMAN,Turkey",2017-02-28 23:56:55+00:00,-1.0
38,"ADIYAMAN,Turkey",2017-02-28 23:57:39+00:00,-1.0
39,"ADIYAMAN,Turkey",2017-02-28 23:58:28+00:00,0.0
40,"ADIYAMAN,Turkey",2017-02-28 23:58:42+00:00,-1.0
41,"ADIYAMAN,Turkey",2017-03-31 23:45:05+00:00,-1.0
42,"ADIYAMAN,Turkey",2017-03-31 23:46:14+00:00,1.0
43,"ADIYAMAN,Turkey",2017-03-31 23:48:18+00:00,-2.0
44,"ADIYAMAN,Turkey",2017-03-31 23:50:11+00:00,-1.0
45,"ADIYAMAN,Turkey",2017-03-31 23:50:16+00:00,1.0
46,"ADIYAMAN,Turkey",2017-03-31 23:50:24+00:00,1.0
47,"ADIYAMAN,Turkey",2017-03-31 23:50:40+00:00,0.0
48,"ADIYAMAN,Turkey",2017-03-31 23:51:45+00:00,1.0
49,"ADIYAMAN,Turkey",2017-03-31 23:51:54+00:00,-1.0
50,"ADIYAMAN,Turkey",2017-03-31 23:52:04+00:00,1.0
51,"ADIYAMAN,Turkey",2017-03-31 23:52:06+00:00,-1.0
52,"ADIYAMAN,Turkey",2017-03-31 23:52:35+00:00,-1.0
53,"ADIYAMAN,Turkey",2017-03-31 23:53:00+00:00,1.0
54,"ADIYAMAN,Turkey",2017-03-31 23:53:30+00:00,-1.0
55,"ADIYAMAN,Turkey",2017-03-31 23:55:10+00:00,0.0
56,"ADIYAMAN,Turkey",2017-03-31 23:55:38+00:00,0.0
57,"ADIYAMAN,Turkey",2017-03-31 23:56:31+00:00,-1.0
58,"ADIYAMAN,Turkey",2017-03-31 23:56:41+00:00,1.0
59,"ADIYAMAN,Turkey",2017-03-31 23:56:46+00:00,-1.0
60,"ADIYAMAN,Turkey",2017-03-31 23:56:50+00:00,1.0
61,"ADIYAMAN,Turkey",2017-03-31 23:58:25+00:00,-1.0
62,"ADIYAMAN,Turkey",2017-04-30 23:31:27+00:00,1.0
63,"ADIYAMAN,Turkey",2017-04-30 23:35:41+00:00,-1.0
64,"ADIYAMAN,Turkey",2017-04-30 23:35:58+00:00,-1.0
65,"ADIYAMAN,Turkey",2017-04-30 23:36:05+00:00,0.0
66,"ADIYAMAN,Turkey",2017-04-30 23:36:14+00:00,1.0
67,"ADIYAMAN,Turkey",2017-04-30 23:36:45+00:00,1.0
68,"ADIYAMAN,Turkey",2017-04-30 23:36:49+00:00,0.0
69,"ADIYAMAN,Turkey",2017-04-30 23:43:21+00:00,1.0
70,"ADIYAMAN,Turkey",2017-04-30 23:44:03+00:00,-2.0
71,"ADIYAMAN,Turkey",2017-04-30 23:44:38+00:00,-1.0
72,"ADIYAMAN,Turkey",2017-04-30 23:44:59+00:00,-1.0
73,"ADIYAMAN,Turkey",2017-04-30 23:45:05+00:00,-1.0
74,"ADIYAMAN,Turkey",2017-04-30 23:47:29+00:00,-1.0
75,"ADIYAMAN,Turkey",2017-04-30 23:48:04+00:00,1.0
76,"ADIYAMAN,Turkey",2017-04-30 23:50:12+00:00,0.0
77,"ADIYAMAN,Turkey",2017-04-30 23:53:31+00:00,-1.0
78,"ADIYAMAN,Turkey",2017-04-30 23:56:53+00:00,1.0
79,"ADIYAMAN,Turkey",2017-05-31 23:27:32+00:00,-1.0
80,"ADIYAMAN,Turkey",2017-05-31 23:29:01+00:00,1.0
81,"ADIYAMAN,Turkey",2017-05-31 23:29:38+00:00,0.0
82,"ADIYAMAN,Turkey",2017-05-31 23:30:02+00:00,-1.0
83,"ADIYAMAN,Turkey",2017-05-31 23:30:09+00:00,1.0
84,"ADIYAMAN,Turkey",2017-05-31 23:30:13+00:00,-1.0
85,"ADIYAMAN,Turkey",2017-05-31 23:30:17+00:00,2.0
86,"ADIYAMAN,Turkey",2017-05-31 23:32:06+00:00,1.0
87,"ADIYAMAN,Turkey",2017-05-31 23:33:07+00:00,1.0
88,"ADIYAMAN,Turkey",2017-05-31 23:33:15+00:00,1.0
89,"ADIYAMAN,Turkey",2017-05-31 23:33:22+00:00,1.0
90,"ADIYAMAN,Turkey",2017-05-31 23:33:28+00:00,-1.0
91,"ADIYAMAN,Turkey",2017-05-31 23:34:31+00:00,-1.0
92,"ADIYAMAN,Turkey",2017-05-31 23:37:36+00:00,1.0
93,"ADIYAMAN,Turkey",2017-05-31 23:37:49+00:00,1.0
94,"ADIYAMAN,Turkey",2017-05-31 23:38:57+00:00,-1.0
95,"ADIYAMAN,Turkey",2017-05-31 23:39:07+00:00,-1.0
96,"ADIYAMAN,Turkey",2017-05-31 23:41:01+00:00,-1.0
97,"ADIYAMAN,Turkey",2017-05-31 23:43:58+00:00,1.0
98,"ADIYAMAN,Turkey",2017-05-31 23:45:08+00:00,1.0
99,"ADIYAMAN,Turkey",2017-05-31 23:45:58+00:00,2.0
100,"ADIYAMAN,Turkey",2017-05-31 23:46:07+00:00,-1.0
101,"ADIYAMAN,Turkey",2017-05-31 23:46:11+00:00,-1.0
102,"ADIYAMAN,Turkey",2017-05-31 23:47:41+00:00,1.0
103,"ADIYAMAN,Turkey",2017-05-31 23:50:07+00:00,-1.0
104,"ADIYAMAN,Turkey",2017-05-31 23:50:17+00:00,1.0
105,"ADIYAMAN,Turkey",2017-05-31 23:53:50+00:00,-1.0
106,"ADIYAMAN,Turkey",2017-05-31 23:55:16+00:00,-1.0
107,"ADIYAMAN,Turkey",2017-05-31 23:57:59+00:00,1.0
108,"ADIYAMAN,Turkey",2017-06-30 23:24:52+00:00,-1.0
109,"ADIYAMAN,Turkey",2017-06-30 23:25:39+00:00,-1.0
110,"ADIYAMAN,Turkey",2017-06-30 23:26:28+00:00,1.0
111,"ADIYAMAN,Turkey",2017-06-30 23:29:05+00:00,-1.0
112,"ADIYAMAN,Turkey",2017-06-30 23:30:28+00:00,-1.0
113,"ADIYAMAN,Turkey",2017-06-30 23:30:36+00:00,1.0
114,"ADIYAMAN,Turkey",2017-06-30 23:30:56+00:00,-1.0
115,"ADIYAMAN,Turkey",2017-06-30 23:31:21+00:00,0.0
116,"ADIYAMAN,Turkey",2017-06-30 23:32:04+00:00,-1.0
117,"ADIYAMAN,Turkey",2017-06-30 23:32:22+00:00,-2.0
118,"ADIYAMAN,Turkey",2017-06-30 23:32:41+00:00,1.0
119,"ADIYAMAN,Turkey",2017-06-30 23:35:02+00:00,1.0
120,"ADIYAMAN,Turkey",2017-06-30 23:36:04+00:00,1.0
121,"ADIYAMAN,Turkey",2017-06-30 23:37:29+00:00,-1.0
122,"ADIYAMAN,Turkey",2017-06-30 23:40:03+00:00,-1.0
123,"ADIYAMAN,Turkey",2017-06-30 23:40:46+00:00,-2.0
124,"ADIYAMAN,Turkey",2017-06-30 23:41:43+00:00,1.0
125,"ADIYAMAN,Turkey",2017-06-30 23:44:03+00:00,1.0
126,"ADIYAMAN,Turkey",2017-06-30 23:44:40+00:00,-1.0
127,"ADIYAMAN,Turkey",2017-06-30 23:45:09+00:00,1.0
128,"ADIYAMAN,Turkey",2017-06-30 23:49:03+00:00,0.0
129,"ADIYAMAN,Turkey",2017-06-30 23:51:26+00:00,-1.0
130,"ADIYAMAN,Turkey",2017-06-30 23:51:42+00:00,1.0
131,"ADIYAMAN,Turkey",2017-06-30 23:52:18+00:00,1.0
132,"ADIYAMAN,Turkey",2017-06-30 23:55:51+00:00,-1.0
133,"ADIYAMAN,Turkey",2017-06-30 23:56:25+00:00,-1.0
134,"ADIYAMAN,Turkey",2017-06-30 23:58:49+00:00,-1.0
135,"ADIYAMAN,Turkey",2017-07-31 23:32:31+00:00,-1.0
136,"ADIYAMAN,Turkey",2017-07-31 23:33:40+00:00,0.0
137,"ADIYAMAN,Turkey",2017-07-31 23:34:38+00:00,-1.0
138,"ADIYAMAN,Turkey",2017-07-31 23:35:51+00:00,1.0
139,"ADIYAMAN,Turkey",2017-07-31 23:36:18+00:00,-1.0
140,"ADIYAMAN,Turkey",2017-07-31 23:42:57+00:00,1.0
141,"ADIYAMAN,Turkey",2017-07-31 23:43:58+00:00,-1.0
142,"ADIYAMAN,Turkey",2017-07-31 23:45:38+00:00,-1.0
143,"ADIYAMAN,Turkey",2017-07-31 23:46:56+00:00,-1.0
144,"ADIYAMAN,Turkey",2017-07-31 23:48:00+00:00,0.0
145,"ADIYAMAN,Turkey",2017-07-31 23:48:20+00:00,-1.0
146,"ADIYAMAN,Turkey",2017-07-31 23:48:39+00:00,2.0
147,"ADIYAMAN,Turkey",2017-07-31 23:48:46+00:00,1.0
148,"ADIYAMAN,Turkey",2017-07-31 23:53:32+00:00,1.0
149,"ADIYAMAN,Turkey",2017-07-31 23:54:26+00:00,1.0
150,"ADIYAMAN,Turkey",2017-07-31 23:55:59+00:00,1.0
151,"ADIYAMAN,Turkey",2017-07-31 23:56:24+00:00,1.0
152,"ADIYAMAN,Turkey",2017-07-31 23:58:09+00:00,1.0
153,"ADIYAMAN,Turkey",2017-07-31 23:58:24+00:00,0.0
154,"ADIYAMAN,Turkey",2017-07-31 23:58:32+00:00,1.0
155,"ADIYAMAN,Turkey",2017-07-31 23:59:02+00:00,0.0
156,"ADIYAMAN,Turkey",2017-07-31 23:59:17+00:00,1.0
157,"ADIYAMAN,Turkey",2017-07-31 23:59:50+00:00,1.0
158,"ADIYAMAN,Turkey",2017-08-31 23:29:13+00:00,1.0
159,"ADIYAMAN,Turkey",2017-08-31 23:31:55+00:00,1.0
160,"ADIYAMAN,Turkey",2017-08-31 23:32:19+00:00,-1.0
161,"ADIYAMAN,Turkey",2017-08-31 23:33:41+00:00,1.0
162,"ADIYAMAN,Turkey",2017-08-31 23:34:24+00:00,1.0
163,"ADIYAMAN,Turkey",2017-08-31 23:39:25+00:00,-1.0
164,"ADIYAMAN,Turkey",2017-08-31 23:40:44+00:00,2.0
165,"ADIYAMAN,Turkey",2017-08-31 23:45:04+00:00,0.0
166,"ADIYAMAN,Turkey",2017-08-31 23:45:51+00:00,1.0
167,"ADIYAMAN,Turkey",2017-08-31 23:46:19+00:00,-1.0
168,"ADIYAMAN,Turkey",2017-08-31 23:46:25+00:00,-1.0
169,"ADIYAMAN,Turkey",2017-08-31 23:46:59+00:00,-1.0
170,"ADIYAMAN,Turkey",2017-08-31 23:49:17+00:00,2.0
171,"ADIYAMAN,Turkey",2017-08-31 23:50:10+00:00,-1.0
172,"ADIYAMAN,Turkey",2017-08-31 23:51:13+00:00,1.0
173,"ADIYAMAN,Turkey",2017-08-31 23:51:17+00:00,-1.0
174,"ADIYAMAN,Turkey",2017-08-31 23:51:39+00:00,1.0
175,"ADIYAMAN,Turkey",2017-08-31 23:52:18+00:00,-1.0
176,"ADIYAMAN,Turkey",2017-08-31 23:55:54+00:00,1.0
177,"ADIYAMAN,Turkey",2017-08-31 23:57:37+00:00,1.0
178,"ADIYAMAN,Turkey",2017-09-30 23:29:28+00:00,1.0
179,"ADIYAMAN,Turkey",2017-09-30 23:30:15+00:00,1.0
180,"ADIYAMAN,Turkey",2017-09-30 23:30:31+00:00,-1.0
181,"ADIYAMAN,Turkey",2017-09-30 23:33:19+00:00,-2.0
182,"ADIYAMAN,Turkey",2017-09-30 23:34:07+00:00,1.0
183,"ADIYAMAN,Turkey",2017-09-30 23:35:04+00:00,-1.0
184,"ADIYAMAN,Turkey",2017-09-30 23:35:13+00:00,2.0
185,"ADIYAMAN,Turkey",2017-09-30 23:37:26+00:00,1.0
186,"ADIYAMAN,Turkey",2017-09-30 23:37:30+00:00,1.0
187,"ADIYAMAN,Turkey",2017-09-30 23:38:47+00:00,1.0
188,"ADIYAMAN,Turkey",2017-09-30 23:39:29+00:00,1.0
189,"ADIYAMAN,Turkey",2017-09-30 23:40:11+00:00,0.0
190,"ADIYAMAN,Turkey",2017-09-30 23:41:49+00:00,-1.0
191,"ADIYAMAN,Turkey",2017-09-30 23:42:42+00:00,1.0
192,"ADIYAMAN,Turkey",2017-09-30 23:43:33+00:00,0.0
193,"ADIYAMAN,Turkey",2017-09-30 23:44:29+00:00,1.0
194,"ADIYAMAN,Turkey",2017-09-30 23:45:33+00:00,2.0
195,"ADIYAMAN,Turkey",2017-09-30 23:47:07+00:00,1.0
196,"ADIYAMAN,Turkey",2017-09-30 23:47:43+00:00,-1.0
197,"ADIYAMAN,Turkey",2017-09-30 23:48:22+00:00,1.0
198,"ADIYAMAN,Turkey",2017-09-30 23:49:48+00:00,-1.0
199,"ADIYAMAN,Turkey",2017-09-30 23:50:58+00:00,1.0
200,"ADIYAMAN,Turkey",2017-09-30 23:51:53+00:00,1.0
201,"ADIYAMAN,Turkey",2017-09-30 23:54:04+00:00,-1.0
202,"ADIYAMAN,Turkey",2017-09-30 23:55:04+00:00,-1.0
203,"ADIYAMAN,Turkey",2017-09-30 23:55:05+00:00,-1.0
204,"ADIYAMAN,Turkey",2017-09-30 23:57:19+00:00,-1.0
205,"ADIYAMAN,Turkey",2017-09-30 23:58:36+00:00,-2.0
206,"ADIYAMAN,Turkey",2017-09-30 23:59:05+00:00,-1.0
207,"ADIYAMAN,Turkey",2017-10-31 23:22:34+00:00,1.0
208,"ADIYAMAN,Turkey",2017-10-31 23:23:11+00:00,1.0
209,"ADIYAMAN,Turkey",2017-10-31 23:26:04+00:00,1.0
210,"ADIYAMAN,Turkey",2017-10-31 23:28:10+00:00,0.0
211,"ADIYAMAN,Turkey",2017-10-31 23:30:23+00:00,-1.0
212,"ADIYAMAN,Turkey",2017-10-31 23:30:45+00:00,-1.0
213,"ADIYAMAN,Turkey",2017-10-31 23:32:24+00:00,-1.0
214,"ADIYAMAN,Turkey",2017-10-31 23:32:59+00:00,1.0
215,"ADIYAMAN,Turkey",2017-10-31 23:34:42+00:00,-1.0
216,"ADIYAMAN,Turkey",2017-10-31 23:40:27+00:00,-1.0
217,"ADIYAMAN,Turkey",2017-10-31 23:44:25+00:00,0.0
218,"ADIYAMAN,Turkey",2017-10-31 23:47:02+00:00,0.0
219,"ADIYAMAN,Turkey",2017-10-31 23:49:40+00:00,1.0
220,"ADIYAMAN,Turkey",2017-10-31 23:50:04+00:00,1.0
221,"ADIYAMAN,Turkey",2017-10-31 23:52:02+00:00,-1.0
222,"ADIYAMAN,Turkey",2017-10-31 23:56:14+00:00,1.0
223,"ADIYAMAN,Turkey",2017-10-31 23:59:27+00:00,0.0
224,"ADIYAMAN,Turkey",2017-10-31 23:59:40+00:00,-1.0
225,"ADIYAMAN,Turkey",2017-10-31 23:59:47+00:00,-1.0
226,"ANKARA,Turkey",2017-01-12 13:54:59+00:00,-2.0
227,"ANKARA,Turkey",2017-02-24 08:23:47+00:00,1.0
228,"ANKARA,Turkey",2017-03-04 10:37:57+00:00,1.0
229,"ANKARA,Turkey",2017-03-08 14:40:24+00:00,-1.0
230,"ANKARA,Turkey",2017-04-20 05:12:44+00:00,1.0
231,"ANKARA,Turkey",2017-05-05 10:58:03+00:00,1.0
232,"ANKARA,Turkey",2017-07-04 16:57:22+00:00,1.0
233,"ANKARA,Turkey",2017-08-09 17:12:02+00:00,1.0
234,"ANKARA,Turkey",2017-08-12 11:42:14+00:00,1.0
235,"ANKARA,Turkey",2017-08-24 11:09:09+00:00,1.0
236,"ANKARA,Turkey",2017-09-03 18:13:32+00:00,-1.0
237,"ANKARA,Turkey",2017-10-12 18:44:24+00:00,1.0
238,"ANTALYA,Turkey",2017-01-07 07:37:56+00:00,1.0
239,"ANTALYA,Turkey",2017-04-03 17:20:40+00:00,-1.0
240,"ANTALYA,Turkey",2017-04-27 13:14:44+00:00,1.0
241,"ANTALYA,Turkey",2017-05-31 12:20:49+00:00,0.0
242,"ANTALYA,Turkey",2017-10-06 19:41:38+00:00,-1.0
243,"ANTALYA,Turkey",2017-10-11 12:29:44+00:00,1.0
244,"ARTVİN,Turkey",2017-06-30 23:22:45+00:00,-1.0
245,"AYDIN,Turkey",2017-05-18 18:27:52+00:00,3.0
246,"AĞRI,Turkey",2017-03-31 23:44:11+00:00,-1.0
247,"BALIKESİR,Turkey",2017-08-02 13:28:55+00:00,1.0
248,"BOLU,Turkey",2017-01-02 15:30:28+00:00,1.0
249,"BOLU,Turkey",2017-01-03 17:07:21+00:00,1.0
250,"BOLU,Turkey",2017-01-05 11:42:56+00:00,1.0
251,"BOLU,Turkey",2017-02-18 11:22:06+00:00,1.0
252,"BOLU,Turkey",2017-02-24 16:58:26+00:00,1.0
253,"BOLU,Turkey",2017-02-26 18:29:44+00:00,1.0
254,"BOLU,Turkey",2017-03-01 13:02:28+00:00,1.0
255,"BOLU,Turkey",2017-03-23 16:39:50+00:00,1.0
256,"BOLU,Turkey",2017-03-31 14:45:54+00:00,1.0
257,"BOLU,Turkey",2017-04-04 19:24:06+00:00,1.0
258,"BOLU,Turkey",2017-04-10 16:00:51+00:00,1.0
259,"BOLU,Turkey",2017-04-15 09:26:28+00:00,1.0
260,"BOLU,Turkey",2017-04-19 16:39:38+00:00,1.0
261,"BOLU,Turkey",2017-04-24 13:18:19+00:00,1.0
262,"BOLU,Turkey",2017-04-27 16:35:19+00:00,1.0
263,"BOLU,Turkey",2017-05-11 17:20:06+00:00,1.0
264,"BOLU,Turkey",2017-05-23 15:07:57+00:00,1.0
265,"BOLU,Turkey",2017-07-16 19:24:45+00:00,1.0
266,"BOLU,Turkey",2017-07-18 15:40:40+00:00,1.0
267,"BOLU,Turkey",2017-08-18 16:46:37+00:00,1.0
268,"BOLU,Turkey",2017-08-26 17:58:53+00:00,1.0
269,"BOLU,Turkey",2017-08-27 16:32:09+00:00,1.0
270,"BOLU,Turkey",2017-08-30 21:05:41+00:00,1.0
271,"BOLU,Turkey",2017-09-04 14:30:57+00:00,1.0
272,"BURSA,Turkey",2017-01-13 17:07:32+00:00,1.0
273,"BURSA,Turkey",2017-02-03 18:08:32+00:00,-1.0
274,"BURSA,Turkey",2017-03-16 09:00:29+00:00,1.0
275,"BURSA,Turkey",2017-03-20 07:59:58+00:00,1.0
276,"BURSA,Turkey",2017-03-26 20:18:28+00:00,1.0
277,"BURSA,Turkey",2017-04-06 17:47:15+00:00,1.0
278,"BURSA,Turkey",2017-04-27 17:51:57+00:00,1.0
279,"BURSA,Turkey",2017-05-04 19:14:07+00:00,1.0
280,"BURSA,Turkey",2017-05-05 07:52:06+00:00,1.0
281,"BURSA,Turkey",2017-05-09 19:25:56+00:00,1.0
282,"BURSA,Turkey",2017-10-23 17:57:32+00:00,1.0
283,"GAZİANTEP,Turkey",2017-02-05 19:46:37+00:00,1.0
284,"HATAY,Turkey",2017-01-08 14:47:44+00:00,1.0
285,"HATAY,Turkey",2017-05-23 13:49:34+00:00,-1.0
286,"HATAY,Turkey",2017-06-23 22:25:41+00:00,1.0
287,"HATAY,Turkey",2017-06-23 22:36:19+00:00,2.0
288,"HATAY,Turkey",2017-09-15 07:02:27+00:00,-1.0
289,"HATAY,Turkey",2017-10-22 14:39:29+00:00,0.0
290,"KAYSERİ,Turkey",2017-01-04 14:46:59+00:00,-3.0
291,"KAYSERİ,Turkey",2017-05-16 15:06:09+00:00,1.0
292,"MALATYA,Turkey",2017-01-26 17:35:07+00:00,0.0
293,"MANİSA,Turkey",2017-08-10 09:01:25+00:00,1.0
294,"MERSİN,Turkey",2017-03-14 18:04:00+00:00,-1.0
295,"OSMANİYE,Turkey",2017-11-30 23:26:03+00:00,-1.0
296,"OSMANİYE,Turkey",2017-11-30 23:26:42+00:00,0.0
297,"OSMANİYE,Turkey",2017-11-30 23:28:35+00:00,1.0
298,"OSMANİYE,Turkey",2017-11-30 23:29:45+00:00,0.0
299,"OSMANİYE,Turkey",2017-11-30 23:30:55+00:00,-2.0
300,"OSMANİYE,Turkey",2017-11-30 23:35:58+00:00,1.0
301,"OSMANİYE,Turkey",2017-11-30 23:36:09+00:00,-1.0
302,"OSMANİYE,Turkey",2017-11-30 23:36:16+00:00,-1.0
303,"OSMANİYE,Turkey",2017-11-30 23:36:57+00:00,2.0
304,"OSMANİYE,Turkey",2017-11-30 23:37:13+00:00,2.0
305,"OSMANİYE,Turkey",2017-11-30 23:38:01+00:00,1.0
306,"OSMANİYE,Turkey",2017-11-30 23:38:44+00:00,0.0
307,"OSMANİYE,Turkey",2017-11-30 23:39:18+00:00,0.0
308,"OSMANİYE,Turkey",2017-11-30 23:40:00+00:00,1.0
309,"OSMANİYE,Turkey",2017-11-30 23:40:33+00:00,-1.0
310,"OSMANİYE,Turkey",2017-11-30 23:41:56+00:00,-1.0
311,"OSMANİYE,Turkey",2017-11-30 23:43:08+00:00,-1.0
312,"OSMANİYE,Turkey",2017-11-30 23:43:36+00:00,-1.0
313,"OSMANİYE,Turkey",2017-11-30 23:43:39+00:00,-1.0
314,"OSMANİYE,Turkey",2017-11-30 23:44:00+00:00,-1.0
315,"OSMANİYE,Turkey",2017-11-30 23:44:25+00:00,-1.0
316,"OSMANİYE,Turkey",2017-11-30 23:44:27+00:00,1.0
317,"OSMANİYE,Turkey",2017-11-30 23:44:47+00:00,-1.0
318,"OSMANİYE,Turkey",2017-11-30 23:44:52+00:00,2.0
319,"OSMANİYE,Turkey",2017-11-30 23:44:56+00:00,2.0
320,"OSMANİYE,Turkey",2017-11-30 23:45:16+00:00,-1.0
321,"OSMANİYE,Turkey",2017-11-30 23:45:45+00:00,1.0
322,"OSMANİYE,Turkey",2017-11-30 23:46:43+00:00,2.0
323,"OSMANİYE,Turkey",2017-11-30 23:47:04+00:00,2.0
324,"OSMANİYE,Turkey",2017-11-30 23:47:17+00:00,0.0
325,"OSMANİYE,Turkey",2017-11-30 23:48:24+00:00,-1.0
326,"OSMANİYE,Turkey",2017-11-30 23:50:53+00:00,1.0
327,"OSMANİYE,Turkey",2017-11-30 23:52:02+00:00,-1.0
328,"OSMANİYE,Turkey",2017-11-30 23:52:39+00:00,0.0
329,"OSMANİYE,Turkey",2017-11-30 23:54:55+00:00,-1.0
330,"OSMANİYE,Turkey",2017-11-30 23:57:07+00:00,0.0
331,"OSMANİYE,Turkey",2017-11-30 23:59:19+00:00,-1.0
332,"OSMANİYE,Turkey",2017-12-31 23:30:00+00:00,-1.0
333,"OSMANİYE,Turkey",2017-12-31 23:30:19+00:00,0.0
334,"OSMANİYE,Turkey",2017-12-31 23:32:19+00:00,-1.0
335,"OSMANİYE,Turkey",2017-12-31 23:33:33+00:00,-2.0
336,"OSMANİYE,Turkey",2017-12-31 23:35:23+00:00,-1.0
337,"OSMANİYE,Turkey",2017-12-31 23:37:00+00:00,-1.0
338,"OSMANİYE,Turkey",2017-12-31 23:38:24+00:00,1.0
339,"OSMANİYE,Turkey",2017-12-31 23:42:19+00:00,-1.0
340,"OSMANİYE,Turkey",2017-12-31 23:44:21+00:00,-1.0
341,"OSMANİYE,Turkey",2017-12-31 23:44:57+00:00,-1.0
342,"OSMANİYE,Turkey",2017-12-31 23:45:22+00:00,-1.0
343,"OSMANİYE,Turkey",2017-12-31 23:45:27+00:00,0.0
344,"OSMANİYE,Turkey",2017-12-31 23:46:40+00:00,1.0
345,"OSMANİYE,Turkey",2017-12-31 23:49:55+00:00,1.0
346,"OSMANİYE,Turkey",2017-12-31 23:50:06+00:00,-1.0
347,"OSMANİYE,Turkey",2017-12-31 23:50:12+00:00,1.0
348,"OSMANİYE,Turkey",2017-12-31 23:50:14+00:00,1.0
349,"OSMANİYE,Turkey",2017-12-31 23:53:47+00:00,-1.0
350,"OSMANİYE,Turkey",2017-12-31 23:59:03+00:00,1.0
351,"OSMANİYE,Turkey",2018-01-31 23:37:36+00:00,1.0
352,"OSMANİYE,Turkey",2018-01-31 23:38:01+00:00,1.0
353,"OSMANİYE,Turkey",2018-01-31 23:38:44+00:00,1.0
354,"OSMANİYE,Turkey",2018-01-31 23:39:49+00:00,-1.0
355,"OSMANİYE,Turkey",2018-01-31 23:40:12+00:00,1.0
356,"OSMANİYE,Turkey",2018-01-31 23:40:16+00:00,-1.0
357,"OSMANİYE,Turkey",2018-01-31 23:40:59+00:00,1.0
358,"OSMANİYE,Turkey",2018-01-31 23:43:28+00:00,1.0
359,"OSMANİYE,Turkey",2018-01-31 23:44:30+00:00,0.0
360,"OSMANİYE,Turkey",2018-01-31 23:44:37+00:00,-1.0
361,"OSMANİYE,Turkey",2018-01-31 23:45:03+00:00,1.0
362,"OSMANİYE,Turkey",2018-01-31 23:45:09+00:00,1.0
363,"OSMANİYE,Turkey",2018-01-31 23:45:14+00:00,1.0
364,"OSMANİYE,Turkey",2018-01-31 23:45:25+00:00,-1.0
365,"OSMANİYE,Turkey",2018-01-31 23:46:04+00:00,-1.0
366,"OSMANİYE,Turkey",2018-01-31 23:46:31+00:00,-2.0
367,"OSMANİYE,Turkey",2018-01-31 23:49:32+00:00,1.0
368,"OSMANİYE,Turkey",2018-01-31 23:50:11+00:00,1.0
369,"OSMANİYE,Turkey",2018-01-31 23:50:19+00:00,2.0
370,"OSMANİYE,Turkey",2018-01-31 23:51:06+00:00,-1.0
371,"OSMANİYE,Turkey",2018-01-31 23:51:10+00:00,1.0
372,"OSMANİYE,Turkey",2018-01-31 23:52:15+00:00,-1.0
373,"OSMANİYE,Turkey",2018-01-31 23:52:16+00:00,-1.0
374,"OSMANİYE,Turkey",2018-01-31 23:52:34+00:00,0.0
375,"OSMANİYE,Turkey",2018-01-31 23:53:50+00:00,1.0
376,"OSMANİYE,Turkey",2018-01-31 23:53:57+00:00,-1.0
377,"OSMANİYE,Turkey",2018-01-31 23:54:05+00:00,1.0
378,"OSMANİYE,Turkey",2018-01-31 23:55:06+00:00,-1.0
379,"OSMANİYE,Turkey",2018-01-31 23:55:39+00:00,-1.0
380,"OSMANİYE,Turkey",2018-01-31 23:56:22+00:00,1.0
381,"OSMANİYE,Turkey",2018-01-31 23:56:53+00:00,-1.0
382,"OSMANİYE,Turkey",2018-01-31 23:58:07+00:00,2.0
383,"OSMANİYE,Turkey",2018-01-31 23:58:30+00:00,2.0
384,"OSMANİYE,Turkey",2018-01-31 23:58:31+00:00,1.0
385,"OSMANİYE,Turkey",2018-01-31 23:59:58+00:00,-2.0
386,"SAMSUN,Turkey",2017-05-20 11:15:13+00:00,0.0
387,"SAMSUN,Turkey",2017-07-31 16:28:12+00:00,2.0
388,"SAMSUN,Turkey",2017-09-27 04:44:17+00:00,3.0
389,"TEKİRDAĞ,Turkey",2019-09-30 23:44:25+00:00,-1.0
390,"TEKİRDAĞ,Turkey",2020-01-31 23:38:17+00:00,2.0
391,"TEKİRDAĞ,Turkey",2020-01-31 23:38:47+00:00,2.0
392,"TEKİRDAĞ,Turkey",2020-01-31 23:39:34+00:00,0.0
393,"TEKİRDAĞ,Turkey",2020-01-31 23:39:52+00:00,-1.0
394,"TEKİRDAĞ,Turkey",2020-01-31 23:40:11+00:00,2.0
395,"TEKİRDAĞ,Turkey",2020-01-31 23:40:32+00:00,1.0
396,"TEKİRDAĞ,Turkey",2020-01-31 23:41:30+00:00,-1.0
397,"TEKİRDAĞ,Turkey",2020-01-31 23:42:00+00:00,1.0
398,"TEKİRDAĞ,Turkey",2020-01-31 23:42:17+00:00,1.0
399,"TEKİRDAĞ,Turkey",2020-01-31 23:42:24+00:00,1.0
400,"TEKİRDAĞ,Turkey",2020-01-31 23:43:10+00:00,1.0
401,"TEKİRDAĞ,Turkey",2020-01-31 23:43:49+00:00,0.0
402,"TEKİRDAĞ,Turkey",2020-01-31 23:46:32+00:00,-1.0
403,"TEKİRDAĞ,Turkey",2020-01-31 23:47:47+00:00,1.0
404,"TEKİRDAĞ,Turkey",2020-01-31 23:48:15+00:00,0.0
405,"TEKİRDAĞ,Turkey",2020-01-31 23:48:26+00:00,-1.0
406,"TEKİRDAĞ,Turkey",2020-01-31 23:48:37+00:00,-1.0
407,"TEKİRDAĞ,Turkey",2020-01-31 23:49:31+00:00,-1.0
408,"TEKİRDAĞ,Turkey",2020-01-31 23:49:38+00:00,-1.0
409,"TEKİRDAĞ,Turkey",2020-01-31 23:49:43+00:00,1.0
410,"TEKİRDAĞ,Turkey",2020-01-31 23:51:07+00:00,-1.0
411,"TEKİRDAĞ,Turkey",2020-01-31 23:51:55+00:00,-2.0
412,"TEKİRDAĞ,Turkey",2020-01-31 23:52:24+00:00,1.0
413,"TEKİRDAĞ,Turkey",2020-01-31 23:54:26+00:00,-1.0
414,"TEKİRDAĞ,Turkey",2020-01-31 23:54:33+00:00,1.0
415,"TEKİRDAĞ,Turkey",2020-01-31 23:55:47+00:00,0.0
416,"TEKİRDAĞ,Turkey",2020-01-31 23:57:21+00:00,-1.0
417,"TEKİRDAĞ,Turkey",2020-01-31 23:57:47+00:00,-1.0
418,"TEKİRDAĞ,Turkey",2020-01-31 23:58:40+00:00,0.0
419,"TEKİRDAĞ,Turkey",2020-01-31 23:58:59+00:00,1.0
420,"TEKİRDAĞ,Turkey",2020-01-31 23:59:19+00:00,1.0
421,"TEKİRDAĞ,Turkey",2020-01-31 23:59:37+00:00,0.0
422,"TEKİRDAĞ,Turkey",2020-02-29 23:40:03+00:00,1.0
423,"TEKİRDAĞ,Turkey",2020-02-29 23:40:06+00:00,2.0
424,"TEKİRDAĞ,Turkey",2020-02-29 23:41:27+00:00,1.0
425,"TEKİRDAĞ,Turkey",2020-02-29 23:42:01+00:00,-1.0
426,"TEKİRDAĞ,Turkey",2020-02-29 23:42:17+00:00,-2.0
427,"TEKİRDAĞ,Turkey",2020-02-29 23:43:18+00:00,-1.0
428,"TEKİRDAĞ,Turkey",2020-02-29 23:44:12+00:00,-1.0
429,"TEKİRDAĞ,Turkey",2020-02-29 23:44:34+00:00,2.0
430,"TEKİRDAĞ,Turkey",2020-02-29 23:44:56+00:00,0.0
431,"TEKİRDAĞ,Turkey",2020-02-29 23:45:30+00:00,-1.0
432,"TEKİRDAĞ,Turkey",2020-02-29 23:45:39+00:00,-1.0
433,"TEKİRDAĞ,Turkey",2020-02-29 23:46:20+00:00,1.0
434,"TEKİRDAĞ,Turkey",2020-02-29 23:46:39+00:00,1.0
435,"TEKİRDAĞ,Turkey",2020-02-29 23:47:08+00:00,-2.0
436,"TEKİRDAĞ,Turkey",2020-02-29 23:47:43+00:00,-1.0
437,"TEKİRDAĞ,Turkey",2020-02-29 23:48:32+00:00,-2.0
438,"TEKİRDAĞ,Turkey",2020-02-29 23:48:56+00:00,1.0
439,"TEKİRDAĞ,Turkey",2020-02-29 23:49:34+00:00,1.0
440,"TEKİRDAĞ,Turkey",2020-02-29 23:50:02+00:00,-1.0
441,"TEKİRDAĞ,Turkey",2020-02-29 23:50:05+00:00,-1.0
442,"TEKİRDAĞ,Turkey",2020-02-29 23:50:22+00:00,0.0
443,"TEKİRDAĞ,Turkey",2020-02-29 23:50:44+00:00,1.0
444,"TEKİRDAĞ,Turkey",2020-02-29 23:51:00+00:00,1.0
445,"TEKİRDAĞ,Turkey",2020-02-29 23:51:01+00:00,0.0
446,"TEKİRDAĞ,Turkey",2020-02-29 23:51:07+00:00,2.0
447,"TEKİRDAĞ,Turkey",2020-02-29 23:51:20+00:00,0.0
448,"TEKİRDAĞ,Turkey",2020-02-29 23:52:54+00:00,-1.0
449,"TEKİRDAĞ,Turkey",2020-02-29 23:53:33+00:00,-1.0
450,"TEKİRDAĞ,Turkey",2020-02-29 23:54:52+00:00,0.0
451,"TEKİRDAĞ,Turkey",2020-02-29 23:55:06+00:00,-1.0
452,"TEKİRDAĞ,Turkey",2020-02-29 23:56:42+00:00,-3.0
453,"TEKİRDAĞ,Turkey",2020-02-29 23:57:37+00:00,-1.0
454,"TEKİRDAĞ,Turkey",2020-02-29 23:58:41+00:00,-1.0
455,"TEKİRDAĞ,Turkey",2020-02-29 23:59:03+00:00,-1.0
456,"TEKİRDAĞ,Turkey",2020-03-31 23:47:08+00:00,1.0
457,"TEKİRDAĞ,Turkey",2020-03-31 23:47:21+00:00,-1.0
458,"TEKİRDAĞ,Turkey",2020-03-31 23:47:41+00:00,-1.0
459,"TEKİRDAĞ,Turkey",2020-03-31 23:47:50+00:00,-3.0
460,"TEKİRDAĞ,Turkey",2020-03-31 23:48:20+00:00,-1.0
461,"TEKİRDAĞ,Turkey",2020-03-31 23:48:32+00:00,1.0
462,"TEKİRDAĞ,Turkey",2020-03-31 23:48:47+00:00,-1.0
463,"TEKİRDAĞ,Turkey",2020-03-31 23:49:12+00:00,-1.0
464,"TEKİRDAĞ,Turkey",2020-03-31 23:49:21+00:00,0.0
465,"TEKİRDAĞ,Turkey",2020-03-31 23:49:23+00:00,1.0
466,"TEKİRDAĞ,Turkey",2020-03-31 23:50:11+00:00,-1.0
467,"TEKİRDAĞ,Turkey",2020-03-31 23:50:12+00:00,2.0
468,"TEKİRDAĞ,Turkey",2020-03-31 23:50:33+00:00,1.0
469,"TEKİRDAĞ,Turkey",2020-03-31 23:51:17+00:00,1.0
470,"TEKİRDAĞ,Turkey",2020-03-31 23:51:21+00:00,-1.0
471,"TEKİRDAĞ,Turkey",2020-03-31 23:51:38+00:00,-1.0
472,"TEKİRDAĞ,Turkey",2020-03-31 23:52:01+00:00,-1.5
473,"TEKİRDAĞ,Turkey",2020-03-31 23:52:08+00:00,-1.0
474,"TEKİRDAĞ,Turkey",2020-03-31 23:53:13+00:00,-1.0
475,"TEKİRDAĞ,Turkey",2020-03-31 23:53:21+00:00,-1.0
476,"TEKİRDAĞ,Turkey",2020-03-31 23:53:36+00:00,0.0
477,"TEKİRDAĞ,Turkey",2020-03-31 23:53:55+00:00,0.0
478,"TEKİRDAĞ,Turkey",2020-03-31 23:53:58+00:00,1.0
479,"TEKİRDAĞ,Turkey",2020-03-31 23:54:26+00:00,1.0
480,"TEKİRDAĞ,Turkey",2020-03-31 23:54:30+00:00,1.0
481,"TEKİRDAĞ,Turkey",2020-03-31 23:54:54+00:00,1.0
482,"TEKİRDAĞ,Turkey",2020-03-31 23:55:11+00:00,-1.0
483,"TEKİRDAĞ,Turkey",2020-03-31 23:56:21+00:00,-1.0
484,"TEKİRDAĞ,Turkey",2020-03-31 23:56:22+00:00,-4.0
485,"TEKİRDAĞ,Turkey",2020-03-31 23:56:23+00:00,1.0
486,"TEKİRDAĞ,Turkey",2020-03-31 23:56:39+00:00,-1.0
487,"TEKİRDAĞ,Turkey",2020-03-31 23:56:59+00:00,-1.0
488,"TEKİRDAĞ,Turkey",2020-03-31 23:57:10+00:00,1.5
489,"TEKİRDAĞ,Turkey",2020-03-31 23:57:42+00:00,0.0
490,"TEKİRDAĞ,Turkey",2020-03-31 23:57:45+00:00,-1.0
491,"TEKİRDAĞ,Turkey",2020-03-31 23:58:06+00:00,-3.0
492,"TEKİRDAĞ,Turkey",2020-03-31 23:58:22+00:00,-1.0
493,"TEKİRDAĞ,Turkey",2020-03-31 23:58:36+00:00,0.0
494,"TEKİRDAĞ,Turkey",2020-03-31 23:58:48+00:00,1.0
495,"TEKİRDAĞ,Turkey",2020-03-31 23:59:09+00:00,-2.0
496,"TEKİRDAĞ,Turkey",2020-03-31 23:59:46+00:00,0.0
497,"TOKAT,Turkey",2018-12-12 06:49:58+00:00,-2.0
498,"TOKAT,Turkey",2019-06-26 15:27:32+00:00,0.0
499,"TOKAT,Turkey",2019-09-05 18:30:24+00:00,1.0
500,"TRABZON,Turkey",2018-04-05 09:01:49+00:00,-1.0
501,"TRABZON,Turkey",2018-10-09 17:15:39+00:00,1.0
502,"TRABZON,Turkey",2019-10-20 19:01:44+00:00,1.0
503,"TRABZON,Turkey",2020-01-06 14:02:06+00:00,-1.0
504,"TRABZON,Turkey",2020-03-12 20:37:23+00:00,-1.0
505,"UŞAK,Turkey",2020-03-10 05:44:07+00:00,1.0
506,"VAN,Turkey",2017-04-08 19:35:17+00:00,1.0
507,"VAN,Turkey",2017-05-13 12:05:00+00:00,1.0
508,"VAN,Turkey",2018-08-02 19:21:24+00:00,1.0
509,"VAN,Turkey",2018-08-16 13:05:37+00:00,1.0
510,"VAN,Turkey",2018-09-22 11:52:15+00:00,1.0
511,"VAN,Turkey",2019-12-12 08:15:12+00:00,-1.0
512,"YALOVA,Turkey",2017-01-11 20:58:34+00:00,1.0
513,"YALOVA,Turkey",2017-05-23 18:23:59+00:00,-1.0
514,"YALOVA,Turkey",2018-01-17 07:05:57+00:00,-1.0
515,"YALOVA,Turkey",2018-03-07 06:54:25+00:00,-1.0
516,"YALOVA,Turkey",2018-03-26 06:59:36+00:00,-2.0
517,"YALOVA,Turkey",2018-09-27 20:48:15+00:00,-2.0
518,"YALOVA,Turkey",2018-12-19 12:58:24+00:00,-1.0
519,"YALOVA,Turkey",2019-03-19 08:01:09+00:00,-1.0
520,"YALOVA,Turkey",2019-05-08 14:05:33+00:00,1.0
521,"YALOVA,Turkey",2019-05-08 14:05:39+00:00,2.0
522,"YALOVA,Turkey",2019-05-20 11:03:23+00:00,-1.0
523,"YALOVA,Turkey",2019-07-21 13:51:19+00:00,2.0
524,"YALOVA,Turkey",2019-11-18 10:15:50+00:00,0.0
525,"YALOVA,Turkey",2020-01-09 13:06:21+00:00,-1.0
526,"YALOVA,Turkey",2020-03-13 18:09:13+00:00,-1.0
527,"YALOVA,Turkey",2020-03-29 20:32:41+00:00,2.0
528,"ZONGULDAK,Turkey",2017-03-10 11:36:01+00:00,1.0
529,"ZONGULDAK,Turkey",2017-06-18 22:07:56+00:00,1.0
530,"ZONGULDAK,Turkey",2017-07-12 20:04:36+00:00,1.0
531,"ZONGULDAK,Turkey",2017-10-23 07:44:11+00:00,1.0
532,"ZONGULDAK,Turkey",2019-06-26 14:03:07+00:00,1.0
533,"ÇANAKKALE,Turkey",2017-10-31 23:22:24+00:00,0.0
534,"İSTANBUL,Turkey",2017-01-28 13:08:28+00:00,1.0
535,"İSTANBUL,Turkey",2017-02-02 06:06:43+00:00,1.0
536,"İSTANBUL,Turkey",2017-02-07 15:52:44+00:00,2.0
537,"İSTANBUL,Turkey",2017-02-10 20:22:27+00:00,3.0
538,"İSTANBUL,Turkey",2017-02-11 04:27:38+00:00,2.0
539,"İSTANBUL,Turkey",2017-02-11 04:29:23+00:00,2.0
540,"İSTANBUL,Turkey",2017-02-21 07:14:59+00:00,0.0
541,"İSTANBUL,Turkey",2017-02-23 06:08:53+00:00,1.0
542,"İSTANBUL,Turkey",2017-03-04 14:29:45+00:00,3.0
543,"İSTANBUL,Turkey",2017-03-12 13:40:25+00:00,-1.0
544,"İSTANBUL,Turkey",2017-03-15 07:53:14+00:00,1.0
545,"İSTANBUL,Turkey",2017-03-20 20:50:42+00:00,1.0
546,"İSTANBUL,Turkey",2017-03-20 20:54:16+00:00,1.0
547,"İSTANBUL,Turkey",2017-03-20 20:55:16+00:00,1.0
548,"İSTANBUL,Turkey",2017-03-20 20:56:19+00:00,1.0
549,"İSTANBUL,Turkey",2017-03-20 20:57:25+00:00,1.0
550,"İSTANBUL,Turkey",2017-03-20 20:58:17+00:00,1.0
551,"İSTANBUL,Turkey",2017-03-22 16:37:31+00:00,1.0
552,"İSTANBUL,Turkey",2017-03-26 14:58:04+00:00,-1.0
553,"İSTANBUL,Turkey",2017-03-31 07:22:46+00:00,3.0
554,"İSTANBUL,Turkey",2017-04-08 10:40:31+00:00,3.0
555,"İSTANBUL,Turkey",2017-04-11 16:36:47+00:00,-1.0
556,"İSTANBUL,Turkey",2017-04-21 12:45:03+00:00,1.0
557,"İSTANBUL,Turkey",2017-04-21 22:45:47+00:00,1.0
558,"İSTANBUL,Turkey",2017-05-13 11:43:16+00:00,1.0
559,"İSTANBUL,Turkey",2017-06-21 09:10:39+00:00,0.0
560,"İSTANBUL,Turkey",2017-07-05 07:48:42+00:00,1.0
561,"İSTANBUL,Turkey",2017-07-06 13:46:21+00:00,1.0
562,"İSTANBUL,Turkey",2017-08-16 17:44:51+00:00,1.0
563,"İSTANBUL,Turkey",2017-08-16 17:49:45+00:00,1.0
564,"İSTANBUL,Turkey",2017-08-22 13:10:22+00:00,1.0
565,"İSTANBUL,Turkey",2017-09-04 20:38:09+00:00,1.0
566,"İSTANBUL,Turkey",2017-09-16 14:19:32+00:00,2.0
567,"İSTANBUL,Turkey",2017-09-17 00:12:00+00:00,1.0
568,"İSTANBUL,Turkey",2017-10-02 04:30:14+00:00,2.0
569,"İSTANBUL,Turkey",2017-10-12 10:39:48+00:00,2.0
570,"İSTANBUL,Turkey",2017-10-25 18:19:54+00:00,1.0
571,"ŞANLIURFA,Turkey",2017-01-06 14:59:45+00:00,1.0
572,"ŞANLIURFA,Turkey",2017-01-14 19:43:48+00:00,1.0
573,"ŞANLIURFA,Turkey",2017-01-15 12:31:04+00:00,1.0
574,"ŞANLIURFA,Turkey",2017-01-15 16:01:19+00:00,1.0
575,"ŞANLIURFA,Turkey",2017-01-18 11:55:05+00:00,1.0
576,"ŞANLIURFA,Turkey",2017-01-18 15:41:56+00:00,1.0
577,"ŞANLIURFA,Turkey",2017-01-23 11:47:17+00:00,1.0
578,"ŞANLIURFA,Turkey",2017-01-26 14:15:58+00:00,1.0
579,"ŞANLIURFA,Turkey",2017-02-09 18:22:54+00:00,1.0
580,"ŞANLIURFA,Turkey",2017-02-11 19:27:03+00:00,1.0
581,"ŞANLIURFA,Turkey",2017-02-15 14:15:40+00:00,1.0
582,"ŞANLIURFA,Turkey",2017-02-17 15:01:47+00:00,1.0
583,"ŞANLIURFA,Turkey",2017-02-19 19:45:30+00:00,1.0
584,"ŞANLIURFA,Turkey",2017-02-20 13:28:25+00:00,1.0
585,"ŞANLIURFA,Turkey",2017-02-21 15:23:03+00:00,1.0
586,"ŞANLIURFA,Turkey",2017-02-23 12:55:08+00:00,1.0
587,"ŞANLIURFA,Turkey",2017-02-27 16:21:49+00:00,1.0
588,"ŞANLIURFA,Turkey",2017-03-01 17:59:25+00:00,1.0
589,"ŞANLIURFA,Turkey",2017-03-04 13:09:54+00:00,1.0
590,"ŞANLIURFA,Turkey",2017-03-06 19:46:58+00:00,1.0
591,"ŞANLIURFA,Turkey",2017-03-10 18:45:00+00:00,1.0
592,"ŞANLIURFA,Turkey",2017-03-11 13:41:18+00:00,1.0
593,"ŞANLIURFA,Turkey",2017-03-11 18:31:09+00:00,1.0
594,"ŞANLIURFA,Turkey",2017-04-02 13:31:13+00:00,1.0
595,"ŞANLIURFA,Turkey",2017-04-15 11:42:45+00:00,1.0
596,"ŞANLIURFA,Turkey",2017-04-18 19:59:04+00:00,1.0
597,"ŞANLIURFA,Turkey",2017-04-22 13:57:04+00:00,1.0
598,"ŞANLIURFA,Turkey",2017-05-03 14:58:41+00:00,1.0
599,"ŞANLIURFA,Turkey",2017-05-12 11:49:29+00:00,1.0
600,"ŞANLIURFA,Turkey",2017-06-26 10:23:16+00:00,1.0
601,"ŞANLIURFA,Turkey",2017-06-26 13:04:04+00:00,1.0
602,"ŞANLIURFA,Turkey",2017-07-27 13:57:22+00:00,1.0
603,"ŞANLIURFA,Turkey",2017-08-13 13:54:47+00:00,1.0
604,"ŞANLIURFA,Turkey",2017-08-26 10:14:51+00:00,1.0
605,"ŞANLIURFA,Turkey",2017-09-13 11:16:42+00:00,1.0
606,"ŞANLIURFA,Turkey",2017-09-14 13:22:31+00:00,1.0
607,"ŞANLIURFA,Turkey",2017-09-14 13:23:20+00:00,1.0
608,"ŞANLIURFA,Turkey",2017-09-19 13:03:22+00:00,1.0
609,"ŞANLIURFA,Turkey",2017-09-20 11:29:08+00:00,3.0
610,"ŞANLIURFA,Turkey",2017-10-05 10:45:09+00:00,1.0
611,"ŞANLIURFA,Turkey",2017-12-23 15:32:25+00:00,1.0
612,"ŞANLIURFA,Turkey",2018-01-14 14:23:54+00:00,1.0
613,"ŞANLIURFA,Turkey",2018-01-21 12:11:54+00:00,1.0
614,"ŞANLIURFA,Turkey",2018-01-22 13:28:35+00:00,1.0
615,"ŞIRNAK,Turkey",2017-02-28 23:32:29+00:00,-1.0
616,"ŞIRNAK,Turkey",2018-02-28 23:40:42+00:00,-1.0
617,"ŞIRNAK,Turkey",2018-02-28 23:41:03+00:00,-1.0
618,"ŞIRNAK,Turkey",2018-02-28 23:41:40+00:00,-1.0
619,"ŞIRNAK,Turkey",2018-02-28 23:41:43+00:00,-1.0
620,"ŞIRNAK,Turkey",2018-02-28 23:42:31+00:00,0.0
621,"ŞIRNAK,Turkey",2018-02-28 23:42:37+00:00,-1.0
622,"ŞIRNAK,Turkey",2018-02-28 23:42:57+00:00,-2.0
623,"ŞIRNAK,Turkey",2018-02-28 23:45:43+00:00,-1.0
624,"ŞIRNAK,Turkey",2018-02-28 23:47:27+00:00,-1.0
625,"ŞIRNAK,Turkey",2018-02-28 23:48:05+00:00,-1.0
626,"ŞIRNAK,Turkey",2018-02-28 23:48:25+00:00,-1.0
627,"ŞIRNAK,Turkey",2018-02-28 23:49:06+00:00,1.0
628,"ŞIRNAK,Turkey",2018-02-28 23:49:35+00:00,-1.0
629,"ŞIRNAK,Turkey",2018-02-28 23:49:43+00:00,1.0
630,"ŞIRNAK,Turkey",2018-02-28 23:49:48+00:00,1.0
631,"ŞIRNAK,Turkey",2018-02-28 23:49:55+00:00,0.0
632,"ŞIRNAK,Turkey",2018-02-28 23:50:05+00:00,1.0
633,"ŞIRNAK,Turkey",2018-02-28 23:51:12+00:00,1.0
634,"ŞIRNAK,Turkey",2018-02-28 23:51:58+00:00,-1.0
635,"ŞIRNAK,Turkey",2018-02-28 23:53:18+00:00,-1.0
636,"ŞIRNAK,Turkey",2018-02-28 23:53:51+00:00,-1.0
637,"ŞIRNAK,Turkey",2018-02-28 23:53:52+00:00,-1.0
638,"ŞIRNAK,Turkey",2018-02-28 23:54:59+00:00,-1.0
639,"ŞIRNAK,Turkey",2018-02-28 23:55:50+00:00,-1.0
640,"ŞIRNAK,Turkey",2018-02-28 23:56:51+00:00,-1.0
641,"ŞIRNAK,Turkey",2018-02-28 23:58:00+00:00,-1.0
642,"ŞIRNAK,Turkey",2018-02-28 23:58:42+00:00,-1.0
643,"ŞIRNAK,Turkey",2018-02-28 23:58:49+00:00,-1.0
644,"ŞIRNAK,Turkey",2018-02-28 23:59:09+00:00,-1.0
645,"ŞIRNAK,Turkey",2018-02-28 23:59:58+00:00,-1.0
646,"ŞIRNAK,Turkey",2018-03-31 23:19:15+00:00,-1.0
647,"ŞIRNAK,Turkey",2018-03-31 23:25:26+00:00,1.0
648,"ŞIRNAK,Turkey",2018-03-31 23:28:36+00:00,-2.0
649,"ŞIRNAK,Turkey",2018-03-31 23:30:06+00:00,0.0
650,"ŞIRNAK,Turkey",2018-03-31 23:30:49+00:00,-2.0
651,"ŞIRNAK,Turkey",2018-03-31 23:34:26+00:00,-1.0
652,"ŞIRNAK,Turkey",2018-03-31 23:34:28+00:00,-1.0
653,"ŞIRNAK,Turkey",2018-03-31 23:37:54+00:00,-1.0
654,"ŞIRNAK,Turkey",2018-03-31 23:37:56+00:00,-1.0
655,"ŞIRNAK,Turkey",2018-03-31 23:38:00+00:00,-1.0
656,"ŞIRNAK,Turkey",2018-03-31 23:41:24+00:00,0.0
657,"ŞIRNAK,Turkey",2018-03-31 23:45:05+00:00,-1.0
658,"ŞIRNAK,Turkey",2018-03-31 23:46:29+00:00,0.0
659,"ŞIRNAK,Turkey",2018-03-31 23:47:09+00:00,0.0
660,"ŞIRNAK,Turkey",2018-03-31 23:48:31+00:00,1.0
661,"ŞIRNAK,Turkey",2018-03-31 23:48:52+00:00,-2.0
662,"ŞIRNAK,Turkey",2018-03-31 23:49:17+00:00,1.0
663,"ŞIRNAK,Turkey",2018-03-31 23:49:36+00:00,0.0
664,"ŞIRNAK,Turkey",2018-03-31 23:51:14+00:00,1.0
665,"ŞIRNAK,Turkey",2018-03-31 23:53:49+00:00,-2.0
666,"ŞIRNAK,Turkey",2018-03-31 23:59:08+00:00,1.0
667,"ŞIRNAK,Turkey",2018-03-31 23:59:12+00:00,-1.0
668,"ŞIRNAK,Turkey",2018-03-31 23:59:21+00:00,1.0
669,"ŞIRNAK,Turkey",2018-04-30 23:35:05+00:00,1.0
670,"ŞIRNAK,Turkey",2018-04-30 23:38:04+00:00,-1.0
671,"ŞIRNAK,Turkey",2018-04-30 23:38:59+00:00,1.0
672,"ŞIRNAK,Turkey",2018-04-30 23:40:38+00:00,-1.0
673,"ŞIRNAK,Turkey",2018-04-30 23:40:51+00:00,0.0
674,"ŞIRNAK,Turkey",2018-04-30 23:41:12+00:00,-1.0
675,"ŞIRNAK,Turkey",2018-04-30 23:42:43+00:00,1.0
676,"ŞIRNAK,Turkey",2018-04-30 23:43:16+00:00,0.0
677,"ŞIRNAK,Turkey",2018-04-30 23:44:00+00:00,2.0
678,"ŞIRNAK,Turkey",2018-04-30 23:44:19+00:00,1.0
679,"ŞIRNAK,Turkey",2018-04-30 23:44:28+00:00,0.5
680,"ŞIRNAK,Turkey",2018-04-30 23:46:53+00:00,-1.0
681,"ŞIRNAK,Turkey",2018-04-30 23:47:21+00:00,-1.0
682,"ŞIRNAK,Turkey",2018-04-30 23:47:34+00:00,-2.0
683,"ŞIRNAK,Turkey",2018-04-30 23:48:33+00:00,-1.0
684,"ŞIRNAK,Turkey",2018-04-30 23:49:44+00:00,1.0
685,"ŞIRNAK,Turkey",2018-04-30 23:52:24+00:00,0.0
686,"ŞIRNAK,Turkey",2018-04-30 23:53:00+00:00,0.0
687,"ŞIRNAK,Turkey",2018-04-30 23:54:18+00:00,0.0
688,"ŞIRNAK,Turkey",2018-04-30 23:54:42+00:00,-1.0
689,"ŞIRNAK,Turkey",2018-04-30 23:55:06+00:00,1.0
690,"ŞIRNAK,Turkey",2018-04-30 23:55:43+00:00,1.0
691,"ŞIRNAK,Turkey",2018-04-30 23:58:18+00:00,-1.0
692,"ŞIRNAK,Turkey",2018-04-30 23:58:50+00:00,1.0
693,"ŞIRNAK,Turkey",2018-04-30 23:59:21+00:00,0.0
694,"ŞIRNAK,Turkey",2018-05-31 23:37:01+00:00,-1.0
695,"ŞIRNAK,Turkey",2018-05-31 23:37:41+00:00,1.0
696,"ŞIRNAK,Turkey",2018-05-31 23:40:10+00:00,0.0
697,"ŞIRNAK,Turkey",2018-05-31 23:40:12+00:00,1.0
698,"ŞIRNAK,Turkey",2018-05-31 23:40:26+00:00,-1.0
699,"ŞIRNAK,Turkey",2018-05-31 23:42:46+00:00,1.0
700,"ŞIRNAK,Turkey",2018-05-31 23:42:48+00:00,-1.0
701,"ŞIRNAK,Turkey",2018-05-31 23:43:23+00:00,0.0
702,"ŞIRNAK,Turkey",2018-05-31 23:44:19+00:00,-1.0
703,"ŞIRNAK,Turkey",2018-05-31 23:46:20+00:00,1.0
704,"ŞIRNAK,Turkey",2018-05-31 23:47:16+00:00,1.0
705,"ŞIRNAK,Turkey",2018-05-31 23:47:33+00:00,-1.0
706,"ŞIRNAK,Turkey",2018-05-31 23:48:05+00:00,-1.0
707,"ŞIRNAK,Turkey",2018-05-31 23:49:49+00:00,-1.0
708,"ŞIRNAK,Turkey",2018-05-31 23:49:57+00:00,-1.0
709,"ŞIRNAK,Turkey",2018-05-31 23:52:10+00:00,-1.0
710,"ŞIRNAK,Turkey",2018-05-31 23:52:20+00:00,1.0
711,"ŞIRNAK,Turkey",2018-05-31 23:53:05+00:00,-1.0
712,"ŞIRNAK,Turkey",2018-05-31 23:53:24+00:00,0.0
713,"ŞIRNAK,Turkey",2018-05-31 23:53:41+00:00,-1.0
714,"ŞIRNAK,Turkey",2018-05-31 23:55:09+00:00,1.0
715,"ŞIRNAK,Turkey",2018-05-31 23:55:23+00:00,1.0
716,"ŞIRNAK,Turkey",2018-05-31 23:56:35+00:00,0.0
717,"ŞIRNAK,Turkey",2018-05-31 23:57:32+00:00,1.0
718,"ŞIRNAK,Turkey",2018-05-31 23:57:39+00:00,1.0
719,"ŞIRNAK,Turkey",2018-05-31 23:58:04+00:00,1.0
720,"ŞIRNAK,Turkey",2018-06-30 23:25:09+00:00,0.5
721,"ŞIRNAK,Turkey",2018-06-30 23:26:55+00:00,0.0
722,"ŞIRNAK,Turkey",2018-06-30 23:28:20+00:00,-1.0
723,"ŞIRNAK,Turkey",2018-06-30 23:28:44+00:00,-2.0
724,"ŞIRNAK,Turkey",2018-06-30 23:30:43+00:00,0.0
725,"ŞIRNAK,Turkey",2018-06-30 23:30:48+00:00,-1.0
726,"ŞIRNAK,Turkey",2018-06-30 23:34:03+00:00,2.0
727,"ŞIRNAK,Turkey",2018-06-30 23:34:16+00:00,1.0
728,"ŞIRNAK,Turkey",2018-06-30 23:38:47+00:00,1.0
729,"ŞIRNAK,Turkey",2018-06-30 23:41:50+00:00,-1.0
730,"ŞIRNAK,Turkey",2018-06-30 23:45:09+00:00,-1.0
731,"ŞIRNAK,Turkey",2018-06-30 23:50:03+00:00,-1.0
732,"ŞIRNAK,Turkey",2018-06-30 23:52:23+00:00,0.0
733,"ŞIRNAK,Turkey",2018-06-30 23:54:43+00:00,0.0
734,"ŞIRNAK,Turkey",2018-06-30 23:55:18+00:00,0.0
735,"ŞIRNAK,Turkey",2018-06-30 23:56:50+00:00,-1.0
736,"ŞIRNAK,Turkey",2018-06-30 23:57:10+00:00,-1.0
737,"ŞIRNAK,Turkey",2018-06-30 23:57:20+00:00,-1.0
738,"ŞIRNAK,Turkey",2018-06-30 23:57:26+00:00,-1.0
739,"ŞIRNAK,Turkey",2018-07-31 23:31:18+00:00,-1.0
740,"ŞIRNAK,Turkey",2018-07-31 23:31:58+00:00,0.0
741,"ŞIRNAK,Turkey",2018-07-31 23:32:03+00:00,-1.0
742,"ŞIRNAK,Turkey",2018-07-31 23:34:07+00:00,-1.0
743,"ŞIRNAK,Turkey",2018-07-31 23:35:04+00:00,2.0
744,"ŞIRNAK,Turkey",2018-07-31 23:35:14+00:00,-1.0
745,"ŞIRNAK,Turkey",2018-07-31 23:36:10+00:00,0.0
746,"ŞIRNAK,Turkey",2018-07-31 23:38:09+00:00,-1.0
747,"ŞIRNAK,Turkey",2018-07-31 23:38:55+00:00,-1.0
748,"ŞIRNAK,Turkey",2018-07-31 23:40:08+00:00,0.0
749,"ŞIRNAK,Turkey",2018-07-31 23:40:25+00:00,1.0
750,"ŞIRNAK,Turkey",2018-07-31 23:42:43+00:00,1.0
751,"ŞIRNAK,Turkey",2018-07-31 23:43:19+00:00,1.0
752,"ŞIRNAK,Turkey",2018-07-31 23:43:45+00:00,2.0
753,"ŞIRNAK,Turkey",2018-07-31 23:45:31+00:00,-1.0
754,"ŞIRNAK,Turkey",2018-07-31 23:46:52+00:00,1.0
755,"ŞIRNAK,Turkey",2018-07-31 23:47:09+00:00,1.0
756,"ŞIRNAK,Turkey",2018-07-31 23:47:38+00:00,-1.0
757,"ŞIRNAK,Turkey",2018-07-31 23:49:07+00:00,1.0
758,"ŞIRNAK,Turkey",2018-07-31 23:49:19+00:00,1.0
759,"ŞIRNAK,Turkey",2018-07-31 23:50:03+00:00,-1.0
760,"ŞIRNAK,Turkey",2018-07-31 23:52:37+00:00,-1.0
761,"ŞIRNAK,Turkey",2018-07-31 23:52:48+00:00,-1.0
762,"ŞIRNAK,Turkey",2018-07-31 23:52:55+00:00,-1.0
763,"ŞIRNAK,Turkey",2018-07-31 23:53:54+00:00,2.0
764,"ŞIRNAK,Turkey",2018-07-31 23:56:08+00:00,-1.0
765,"ŞIRNAK,Turkey",2018-07-31 23:56:37+00:00,0.0
766,"ŞIRNAK,Turkey",2018-07-31 23:57:51+00:00,0.0
767,"ŞIRNAK,Turkey",2018-07-31 23:58:31+00:00,-1.0
768,"ŞIRNAK,Turkey",2018-07-31 23:58:39+00:00,2.0
769,"ŞIRNAK,Turkey",2018-07-31 23:59:07+00:00,0.0
770,"ŞIRNAK,Turkey",2018-07-31 23:59:57+00:00,2.0
771,"ŞIRNAK,Turkey",2018-08-31 23:29:19+00:00,0.0
772,"ŞIRNAK,Turkey",2018-08-31 23:29:23+00:00,1.0
773,"ŞIRNAK,Turkey",2018-08-31 23:29:40+00:00,1.0
774,"ŞIRNAK,Turkey",2018-08-31 23:30:20+00:00,-1.0
775,"ŞIRNAK,Turkey",2018-08-31 23:30:51+00:00,-1.0
776,"ŞIRNAK,Turkey",2018-08-31 23:30:53+00:00,-1.0
777,"ŞIRNAK,Turkey",2018-08-31 23:31:44+00:00,-1.0
778,"ŞIRNAK,Turkey",2018-08-31 23:33:56+00:00,1.0
779,"ŞIRNAK,Turkey",2018-08-31 23:34:54+00:00,-2.0
780,"ŞIRNAK,Turkey",2018-08-31 23:35:58+00:00,-1.0
781,"ŞIRNAK,Turkey",2018-08-31 23:37:42+00:00,1.0
782,"ŞIRNAK,Turkey",2018-08-31 23:39:10+00:00,0.0
783,"ŞIRNAK,Turkey",2018-08-31 23:40:17+00:00,-2.0
784,"ŞIRNAK,Turkey",2018-08-31 23:40:51+00:00,1.0
785,"ŞIRNAK,Turkey",2018-08-31 23:42:19+00:00,-1.0
786,"ŞIRNAK,Turkey",2018-08-31 23:43:23+00:00,1.0
787,"ŞIRNAK,Turkey",2018-08-31 23:47:15+00:00,1.0
788,"ŞIRNAK,Turkey",2018-08-31 23:50:54+00:00,2.0
789,"ŞIRNAK,Turkey",2018-08-31 23:53:47+00:00,-1.0
790,"ŞIRNAK,Turkey",2018-08-31 23:54:06+00:00,1.0
791,"ŞIRNAK,Turkey",2018-08-31 23:54:19+00:00,0.0
792,"ŞIRNAK,Turkey",2018-08-31 23:54:50+00:00,1.0
793,"ŞIRNAK,Turkey",2018-08-31 23:56:18+00:00,1.0
794,"ŞIRNAK,Turkey",2018-08-31 23:58:17+00:00,-1.0
795,"ŞIRNAK,Turkey",2018-09-30 23:28:24+00:00,1.0
796,"ŞIRNAK,Turkey",2018-09-30 23:31:10+00:00,0.0
797,"ŞIRNAK,Turkey",2018-09-30 23:32:41+00:00,0.0
798,"ŞIRNAK,Turkey",2018-09-30 23:33:51+00:00,-1.0
799,"ŞIRNAK,Turkey",2018-09-30 23:35:50+00:00,-1.0
800,"ŞIRNAK,Turkey",2018-09-30 23:37:20+00:00,-1.0
801,"ŞIRNAK,Turkey",2018-09-30 23:43:43+00:00,1.0
802,"ŞIRNAK,Turkey",2018-09-30 23:44:09+00:00,-2.0
803,"ŞIRNAK,Turkey",2018-09-30 23:44:58+00:00,1.0
804,"ŞIRNAK,Turkey",2018-09-30 23:46:46+00:00,0.0
805,"ŞIRNAK,Turkey",2018-09-30 23:46:53+00:00,1.0
806,"ŞIRNAK,Turkey",2018-09-30 23:47:51+00:00,2.0
807,"ŞIRNAK,Turkey",2018-09-30 23:50:14+00:00,1.0
808,"ŞIRNAK,Turkey",2018-09-30 23:51:39+00:00,-3.0
809,"ŞIRNAK,Turkey",2018-09-30 23:53:00+00:00,-1.0
810,"ŞIRNAK,Turkey",2018-09-30 23:53:09+00:00,-1.0
811,"ŞIRNAK,Turkey",2018-09-30 23:56:30+00:00,2.0
812,"ŞIRNAK,Turkey",2018-09-30 23:56:42+00:00,-1.0
813,"ŞIRNAK,Turkey",2018-09-30 23:57:16+00:00,-1.0
814,"ŞIRNAK,Turkey",2018-09-30 23:57:42+00:00,1.0
815,"ŞIRNAK,Turkey",2018-09-30 23:58:26+00:00,-1.0
816,"ŞIRNAK,Turkey",2018-09-30 23:58:42+00:00,0.0
817,"ŞIRNAK,Turkey",2018-09-30 23:58:52+00:00,1.0
818,"ŞIRNAK,Turkey",2018-09-30 23:59:01+00:00,0.0
819,"ŞIRNAK,Turkey",2018-10-31 23:35:21+00:00,1.0
820,"ŞIRNAK,Turkey",2018-10-31 23:36:09+00:00,-1.0
821,"ŞIRNAK,Turkey",2018-10-31 23:36:38+00:00,-1.0
822,"ŞIRNAK,Turkey",2018-10-31 23:36:43+00:00,-1.0
823,"ŞIRNAK,Turkey",2018-10-31 23:37:07+00:00,-1.0
824,"ŞIRNAK,Turkey",2018-10-31 23:38:19+00:00,1.0
825,"ŞIRNAK,Turkey",2018-10-31 23:39:27+00:00,-1.0
826,"ŞIRNAK,Turkey",2018-10-31 23:40:33+00:00,1.0
827,"ŞIRNAK,Turkey",2018-10-31 23:40:58+00:00,-1.0
828,"ŞIRNAK,Turkey",2018-10-31 23:44:20+00:00,-1.0
829,"ŞIRNAK,Turkey",2018-10-31 23:45:44+00:00,-1.0
830,"ŞIRNAK,Turkey",2018-10-31 23:45:46+00:00,-1.0
831,"ŞIRNAK,Turkey",2018-10-31 23:46:33+00:00,-1.0
832,"ŞIRNAK,Turkey",2018-10-31 23:46:50+00:00,-1.0
833,"ŞIRNAK,Turkey",2018-10-31 23:47:11+00:00,0.0
834,"ŞIRNAK,Turkey",2018-10-31 23:47:57+00:00,0.0
835,"ŞIRNAK,Turkey",2018-10-31 23:48:21+00:00,0.0
836,"ŞIRNAK,Turkey",2018-10-31 23:49:40+00:00,-1.0
837,"ŞIRNAK,Turkey",2018-10-31 23:49:43+00:00,3.0
838,"ŞIRNAK,Turkey",2018-10-31 23:50:03+00:00,0.0
839,"ŞIRNAK,Turkey",2018-10-31 23:50:21+00:00,0.0
840,"ŞIRNAK,Turkey",2018-10-31 23:50:59+00:00,-2.0
841,"ŞIRNAK,Turkey",2018-10-31 23:51:23+00:00,1.0
842,"ŞIRNAK,Turkey",2018-10-31 23:51:25+00:00,-1.0
843,"ŞIRNAK,Turkey",2018-10-31 23:51:37+00:00,1.0
844,"ŞIRNAK,Turkey",2018-10-31 23:51:50+00:00,-1.0
845,"ŞIRNAK,Turkey",2018-10-31 23:51:53+00:00,-2.0
846,"ŞIRNAK,Turkey",2018-10-31 23:52:03+00:00,-2.0
847,"ŞIRNAK,Turkey",2018-10-31 23:52:41+00:00,-1.0
848,"ŞIRNAK,Turkey",2018-10-31 23:52:47+00:00,2.0
849,"ŞIRNAK,Turkey",2018-10-31 23:53:12+00:00,1.0
850,"ŞIRNAK,Turkey",2018-10-31 23:55:05+00:00,-1.0
851,"ŞIRNAK,Turkey",2018-10-31 23:55:52+00:00,1.0
852,"ŞIRNAK,Turkey",2018-10-31 23:56:19+00:00,-1.0
853,"ŞIRNAK,Turkey",2018-10-31 23:56:57+00:00,2.0
854,"ŞIRNAK,Turkey",2018-10-31 23:57:56+00:00,-1.0
855,"ŞIRNAK,Turkey",2018-10-31 23:58:24+00:00,-1.0
856,"ŞIRNAK,Turkey",2018-10-31 23:59:27+00:00,-1.0
857,"ŞIRNAK,Turkey",2018-10-31 23:59:42+00:00,-1.0
858,"ŞIRNAK,Turkey",2018-11-30 23:36:09+00:00,1.0
859,"ŞIRNAK,Turkey",2018-11-30 23:36:22+00:00,-2.0
860,"ŞIRNAK,Turkey",2018-11-30 23:37:19+00:00,-1.0
861,"ŞIRNAK,Turkey",2018-11-30 23:37:27+00:00,-1.0
862,"ŞIRNAK,Turkey",2018-11-30 23:37:28+00:00,1.0
863,"ŞIRNAK,Turkey",2018-11-30 23:37:29+00:00,-1.0
864,"ŞIRNAK,Turkey",2018-11-30 23:37:47+00:00,3.0
865,"ŞIRNAK,Turkey",2018-11-30 23:38:04+00:00,-2.0
866,"ŞIRNAK,Turkey",2018-11-30 23:40:36+00:00,1.0
867,"ŞIRNAK,Turkey",2018-11-30 23:40:55+00:00,0.0
868,"ŞIRNAK,Turkey",2018-11-30 23:41:06+00:00,-1.0
869,"ŞIRNAK,Turkey",2018-11-30 23:41:23+00:00,0.0
870,"ŞIRNAK,Turkey",2018-11-30 23:41:50+00:00,1.0
871,"ŞIRNAK,Turkey",2018-11-30 23:43:20+00:00,-1.0
872,"ŞIRNAK,Turkey",2018-11-30 23:44:27+00:00,1.0
873,"ŞIRNAK,Turkey",2018-11-30 23:44:40+00:00,-1.0
874,"ŞIRNAK,Turkey",2018-11-30 23:45:29+00:00,1.0
875,"ŞIRNAK,Turkey",2018-11-30 23:46:18+00:00,-1.0
876,"ŞIRNAK,Turkey",2018-11-30 23:47:28+00:00,-2.0
877,"ŞIRNAK,Turkey",2018-11-30 23:47:53+00:00,0.0
878,"ŞIRNAK,Turkey",2018-11-30 23:48:05+00:00,1.0
879,"ŞIRNAK,Turkey",2018-11-30 23:48:14+00:00,0.0
880,"ŞIRNAK,Turkey",2018-11-30 23:49:35+00:00,1.0
881,"ŞIRNAK,Turkey",2018-11-30 23:50:11+00:00,-2.0
882,"ŞIRNAK,Turkey",2018-11-30 23:50:42+00:00,1.0
883,"ŞIRNAK,Turkey",2018-11-30 23:50:57+00:00,-2.0
884,"ŞIRNAK,Turkey",2018-11-30 23:50:59+00:00,1.0
885,"ŞIRNAK,Turkey",2018-11-30 23:51:48+00:00,-1.0
886,"ŞIRNAK,Turkey",2018-11-30 23:52:33+00:00,2.0
887,"ŞIRNAK,Turkey",2018-11-30 23:52:49+00:00,-1.0
888,"ŞIRNAK,Turkey",2018-11-30 23:53:06+00:00,1.0
889,"ŞIRNAK,Turkey",2018-11-30 23:54:57+00:00,-1.0
890,"ŞIRNAK,Turkey",2018-11-30 23:55:25+00:00,-1.0
891,"ŞIRNAK,Turkey",2018-11-30 23:55:51+00:00,-1.0
892,"ŞIRNAK,Turkey",2018-11-30 23:56:51+00:00,2.0
893,"ŞIRNAK,Turkey",2018-11-30 23:57:34+00:00,0.0
894,"ŞIRNAK,Turkey",2018-11-30 23:58:23+00:00,2.0
895,"ŞIRNAK,Turkey",2018-12-31 23:31:50+00:00,2.0
896,"ŞIRNAK,Turkey",2018-12-31 23:32:55+00:00,1.0
897,"ŞIRNAK,Turkey",2018-12-31 23:34:08+00:00,0.0
898,"ŞIRNAK,Turkey",2018-12-31 23:34:12+00:00,0.0
899,"ŞIRNAK,Turkey",2018-12-31 23:34:26+00:00,1.0
900,"ŞIRNAK,Turkey",2018-12-31 23:34:30+00:00,1.0
901,"ŞIRNAK,Turkey",2018-12-31 23:35:09+00:00,1.0
902,"ŞIRNAK,Turkey",2018-12-31 23:35:23+00:00,1.0
903,"ŞIRNAK,Turkey",2018-12-31 23:35:37+00:00,1.0
904,"ŞIRNAK,Turkey",2018-12-31 23:37:08+00:00,-1.0
905,"ŞIRNAK,Turkey",2018-12-31 23:37:09+00:00,1.0
906,"ŞIRNAK,Turkey",2018-12-31 23:38:45+00:00,1.0
907,"ŞIRNAK,Turkey",2018-12-31 23:39:06+00:00,1.0
908,"ŞIRNAK,Turkey",2018-12-31 23:39:09+00:00,-1.0
909,"ŞIRNAK,Turkey",2018-12-31 23:39:26+00:00,1.0
910,"ŞIRNAK,Turkey",2018-12-31 23:39:40+00:00,1.0
911,"ŞIRNAK,Turkey",2018-12-31 23:39:51+00:00,-1.0
912,"ŞIRNAK,Turkey",2018-12-31 23:41:05+00:00,2.0
913,"ŞIRNAK,Turkey",2018-12-31 23:41:09+00:00,1.0
914,"ŞIRNAK,Turkey",2018-12-31 23:42:01+00:00,-1.0
915,"ŞIRNAK,Turkey",2018-12-31 23:43:04+00:00,-1.0
916,"ŞIRNAK,Turkey",2018-12-31 23:43:11+00:00,1.0
917,"ŞIRNAK,Turkey",2018-12-31 23:43:35+00:00,0.0
918,"ŞIRNAK,Turkey",2018-12-31 23:44:30+00:00,-1.0
919,"ŞIRNAK,Turkey",2018-12-31 23:45:28+00:00,-1.0
920,"ŞIRNAK,Turkey",2018-12-31 23:45:44+00:00,-1.0
921,"ŞIRNAK,Turkey",2018-12-31 23:45:47+00:00,1.0
922,"ŞIRNAK,Turkey",2018-12-31 23:46:51+00:00,0.0
923,"ŞIRNAK,Turkey",2018-12-31 23:46:53+00:00,-1.0
924,"ŞIRNAK,Turkey",2018-12-31 23:48:23+00:00,-1.0
925,"ŞIRNAK,Turkey",2018-12-31 23:49:27+00:00,-1.0
926,"ŞIRNAK,Turkey",2018-12-31 23:49:34+00:00,1.0
927,"ŞIRNAK,Turkey",2018-12-31 23:49:41+00:00,-1.0
928,"ŞIRNAK,Turkey",2018-12-31 23:50:32+00:00,1.0
929,"ŞIRNAK,Turkey",2018-12-31 23:52:52+00:00,1.0
930,"ŞIRNAK,Turkey",2018-12-31 23:55:37+00:00,-1.0
931,"ŞIRNAK,Turkey",2018-12-31 23:57:23+00:00,-1.0
932,"ŞIRNAK,Turkey",2018-12-31 23:57:47+00:00,0.0
933,"ŞIRNAK,Turkey",2018-12-31 23:58:39+00:00,0.0
934,"ŞIRNAK,Turkey",2018-12-31 23:59:15+00:00,-1.0
935,"ŞIRNAK,Turkey",2019-01-31 23:31:37+00:00,2.0
936,"ŞIRNAK,Turkey",2019-01-31 23:31:50+00:00,-1.0
937,"ŞIRNAK,Turkey",2019-01-31 23:32:21+00:00,-2.0
938,"ŞIRNAK,Turkey",2019-01-31 23:32:55+00:00,-1.0
939,"ŞIRNAK,Turkey",2019-01-31 23:33:14+00:00,-1.0
940,"ŞIRNAK,Turkey",2019-01-31 23:33:32+00:00,1.0
941,"ŞIRNAK,Turkey",2019-01-31 23:33:47+00:00,0.0
942,"ŞIRNAK,Turkey",2019-01-31 23:34:47+00:00,-1.0
943,"ŞIRNAK,Turkey",2019-01-31 23:35:37+00:00,-1.0
944,"ŞIRNAK,Turkey",2019-01-31 23:36:16+00:00,2.0
945,"ŞIRNAK,Turkey",2019-01-31 23:36:27+00:00,-2.0
946,"ŞIRNAK,Turkey",2019-01-31 23:36:36+00:00,1.0
947,"ŞIRNAK,Turkey",2019-01-31 23:37:43+00:00,1.0
948,"ŞIRNAK,Turkey",2019-01-31 23:37:52+00:00,0.0
949,"ŞIRNAK,Turkey",2019-01-31 23:37:59+00:00,-1.0
950,"ŞIRNAK,Turkey",2019-01-31 23:39:28+00:00,1.0
951,"ŞIRNAK,Turkey",2019-01-31 23:39:32+00:00,1.0
952,"ŞIRNAK,Turkey",2019-01-31 23:41:28+00:00,-1.0
953,"ŞIRNAK,Turkey",2019-01-31 23:41:53+00:00,1.0
954,"ŞIRNAK,Turkey",2019-01-31 23:44:31+00:00,1.0
955,"ŞIRNAK,Turkey",2019-01-31 23:46:50+00:00,-1.0
956,"ŞIRNAK,Turkey",2019-01-31 23:49:16+00:00,-1.0
957,"ŞIRNAK,Turkey",2019-01-31 23:49:34+00:00,1.0
958,"ŞIRNAK,Turkey",2019-01-31 23:51:21+00:00,2.0
959,"ŞIRNAK,Turkey",2019-01-31 23:53:24+00:00,1.0
960,"ŞIRNAK,Turkey",2019-01-31 23:53:50+00:00,-1.0
961,"ŞIRNAK,Turkey",2019-01-31 23:55:53+00:00,-1.0
962,"ŞIRNAK,Turkey",2019-01-31 23:57:36+00:00,-1.0
963,"ŞIRNAK,Turkey",2019-01-31 23:57:58+00:00,1.0
964,"ŞIRNAK,Turkey",2019-01-31 23:58:58+00:00,2.0
965,"ŞIRNAK,Turkey",2019-02-28 23:37:23+00:00,-1.0
966,"ŞIRNAK,Turkey",2019-02-28 23:37:58+00:00,0.0
967,"ŞIRNAK,Turkey",2019-02-28 23:38:06+00:00,0.0
968,"ŞIRNAK,Turkey",2019-02-28 23:39:01+00:00,1.0
969,"ŞIRNAK,Turkey",2019-02-28 23:39:43+00:00,1.0
970,"ŞIRNAK,Turkey",2019-02-28 23:40:05+00:00,2.0
971,"ŞIRNAK,Turkey",2019-02-28 23:40:55+00:00,1.0
972,"ŞIRNAK,Turkey",2019-02-28 23:42:23+00:00,-3.0
973,"ŞIRNAK,Turkey",2019-02-28 23:42:24+00:00,1.0
974,"ŞIRNAK,Turkey",2019-02-28 23:43:20+00:00,-1.0
975,"ŞIRNAK,Turkey",2019-02-28 23:44:00+00:00,-1.0
976,"ŞIRNAK,Turkey",2019-02-28 23:44:33+00:00,-1.0
977,"ŞIRNAK,Turkey",2019-02-28 23:44:53+00:00,-1.0
978,"ŞIRNAK,Turkey",2019-02-28 23:44:57+00:00,1.0
979,"ŞIRNAK,Turkey",2019-02-28 23:46:15+00:00,1.0
980,"ŞIRNAK,Turkey",2019-02-28 23:47:02+00:00,-1.0
981,"ŞIRNAK,Turkey",2019-02-28 23:47:56+00:00,-1.0
982,"ŞIRNAK,Turkey",2019-02-28 23:47:57+00:00,-2.0
983,"ŞIRNAK,Turkey",2019-02-28 23:48:10+00:00,-1.0
984,"ŞIRNAK,Turkey",2019-02-28 23:48:46+00:00,1.0
985,"ŞIRNAK,Turkey",2019-02-28 23:49:01+00:00,1.0
986,"ŞIRNAK,Turkey",2019-02-28 23:49:25+00:00,1.0
987,"ŞIRNAK,Turkey",2019-02-28 23:49:40+00:00,-1.0
988,"ŞIRNAK,Turkey",2019-02-28 23:50:18+00:00,1.0
989,"ŞIRNAK,Turkey",2019-02-28 23:51:11+00:00,1.0
990,"ŞIRNAK,Turkey",2019-02-28 23:51:23+00:00,1.0
991,"ŞIRNAK,Turkey",2019-02-28 23:51:48+00:00,1.0
992,"ŞIRNAK,Turkey",2019-02-28 23:51:49+00:00,-1.0
993,"ŞIRNAK,Turkey",2019-02-28 23:52:05+00:00,-1.0
994,"ŞIRNAK,Turkey",2019-02-28 23:52:55+00:00,1.0
995,"ŞIRNAK,Turkey",2019-02-28 23:53:43+00:00,-1.0
996,"ŞIRNAK,Turkey",2019-02-28 23:55:49+00:00,0.0
997,"ŞIRNAK,Turkey",2019-02-28 23:56:50+00:00,0.0
998,"ŞIRNAK,Turkey",2019-02-28 23:57:30+00:00,1.0
999,"ŞIRNAK,Turkey",2019-02-28 23:58:48+00:00,-1.0
1000,"ŞIRNAK,Turkey",2019-02-28 23:59:00+00:00,0.0
1001,"ŞIRNAK,Turkey",2019-03-31 23:40:07+00:00,-1.0
1002,"ŞIRNAK,Turkey",2019-03-31 23:40:24+00:00,-1.0
1003,"ŞIRNAK,Turkey",2019-03-31 23:42:20+00:00,-1.0
1004,"ŞIRNAK,Turkey",2019-03-31 23:44:54+00:00,1.0
1005,"ŞIRNAK,Turkey",2019-03-31 23:45:05+00:00,0.0
1006,"ŞIRNAK,Turkey",2019-03-31 23:45:33+00:00,-1.0
1007,"ŞIRNAK,Turkey",2019-03-31 23:47:37+00:00,1.0
1008,"ŞIRNAK,Turkey",2019-03-31 23:48:55+00:00,3.0
1009,"ŞIRNAK,Turkey",2019-03-31 23:49:17+00:00,-1.0
1010,"ŞIRNAK,Turkey",2019-03-31 23:50:00+00:00,1.0
1011,"ŞIRNAK,Turkey",2019-03-31 23:50:58+00:00,1.0
1012,"ŞIRNAK,Turkey",2019-03-31 23:51:30+00:00,-1.0
1013,"ŞIRNAK,Turkey",2019-03-31 23:52:00+00:00,1.0
1014,"ŞIRNAK,Turkey",2019-03-31 23:54:46+00:00,1.0
1015,"ŞIRNAK,Turkey",2019-03-31 23:55:06+00:00,-2.0
1016,"ŞIRNAK,Turkey",2019-03-31 23:56:38+00:00,-1.0
1017,"ŞIRNAK,Turkey",2019-03-31 23:57:07+00:00,-1.0
1018,"ŞIRNAK,Turkey",2019-03-31 23:58:43+00:00,-1.0
1019,"ŞIRNAK,Turkey",2019-03-31 23:59:33+00:00,-1.0
1020,"ŞIRNAK,Turkey",2019-04-30 23:33:26+00:00,-1.0
1021,"ŞIRNAK,Turkey",2019-04-30 23:34:33+00:00,-1.0
1022,"ŞIRNAK,Turkey",2019-04-30 23:34:53+00:00,1.0
1023,"ŞIRNAK,Turkey",2019-04-30 23:36:11+00:00,-1.0
1024,"ŞIRNAK,Turkey",2019-04-30 23:36:46+00:00,-1.0
1025,"ŞIRNAK,Turkey",2019-04-30 23:36:47+00:00,-1.0
1026,"ŞIRNAK,Turkey",2019-04-30 23:37:50+00:00,1.0
1027,"ŞIRNAK,Turkey",2019-04-30 23:38:45+00:00,1.0
1028,"ŞIRNAK,Turkey",2019-04-30 23:39:59+00:00,-1.0
1029,"ŞIRNAK,Turkey",2019-04-30 23:41:51+00:00,1.0
1030,"ŞIRNAK,Turkey",2019-04-30 23:41:56+00:00,2.0
1031,"ŞIRNAK,Turkey",2019-04-30 23:42:04+00:00,2.0
1032,"ŞIRNAK,Turkey",2019-04-30 23:42:19+00:00,1.0
1033,"ŞIRNAK,Turkey",2019-04-30 23:45:33+00:00,-1.0
1034,"ŞIRNAK,Turkey",2019-04-30 23:46:37+00:00,-1.0
1035,"ŞIRNAK,Turkey",2019-04-30 23:47:47+00:00,1.0
1036,"ŞIRNAK,Turkey",2019-04-30 23:50:13+00:00,1.0
1037,"ŞIRNAK,Turkey",2019-04-30 23:51:34+00:00,0.0
1038,"ŞIRNAK,Turkey",2019-04-30 23:52:44+00:00,-1.0
1039,"ŞIRNAK,Turkey",2019-04-30 23:54:09+00:00,-1.0
1040,"ŞIRNAK,Turkey",2019-04-30 23:58:21+00:00,-1.0
1041,"ŞIRNAK,Turkey",2019-04-30 23:59:13+00:00,1.0
1042,"ŞIRNAK,Turkey",2019-04-30 23:59:54+00:00,-1.0
1043,"ŞIRNAK,Turkey",2019-05-31 23:33:05+00:00,-1.0
1044,"ŞIRNAK,Turkey",2019-05-31 23:33:14+00:00,0.0
1045,"ŞIRNAK,Turkey",2019-05-31 23:34:38+00:00,0.0
1046,"ŞIRNAK,Turkey",2019-05-31 23:35:51+00:00,-1.0
1047,"ŞIRNAK,Turkey",2019-05-31 23:38:12+00:00,-1.0
1048,"ŞIRNAK,Turkey",2019-05-31 23:39:13+00:00,1.0
1049,"ŞIRNAK,Turkey",2019-05-31 23:39:17+00:00,1.0
1050,"ŞIRNAK,Turkey",2019-05-31 23:40:28+00:00,-1.0
1051,"ŞIRNAK,Turkey",2019-05-31 23:46:14+00:00,-1.0
1052,"ŞIRNAK,Turkey",2019-05-31 23:46:45+00:00,-1.0
1053,"ŞIRNAK,Turkey",2019-05-31 23:47:32+00:00,-2.0
1054,"ŞIRNAK,Turkey",2019-05-31 23:48:01+00:00,1.0
1055,"ŞIRNAK,Turkey",2019-05-31 23:49:04+00:00,1.0
1056,"ŞIRNAK,Turkey",2019-05-31 23:49:20+00:00,-1.0
1057,"ŞIRNAK,Turkey",2019-05-31 23:49:25+00:00,-2.0
1058,"ŞIRNAK,Turkey",2019-05-31 23:50:39+00:00,2.0
1059,"ŞIRNAK,Turkey",2019-05-31 23:50:54+00:00,-1.0
1060,"ŞIRNAK,Turkey",2019-05-31 23:51:58+00:00,1.0
1061,"ŞIRNAK,Turkey",2019-05-31 23:52:20+00:00,1.0
1062,"ŞIRNAK,Turkey",2019-05-31 23:56:51+00:00,-1.0
1063,"ŞIRNAK,Turkey",2019-05-31 23:57:20+00:00,2.0
1064,"ŞIRNAK,Turkey",2019-05-31 23:57:50+00:00,1.0
1065,"ŞIRNAK,Turkey",2019-05-31 23:58:17+00:00,1.0
1066,"ŞIRNAK,Turkey",2019-05-31 23:59:01+00:00,1.0
1067,"ŞIRNAK,Turkey",2019-05-31 23:59:18+00:00,1.0
1068,"ŞIRNAK,Turkey",2019-05-31 23:59:30+00:00,0.0
1069,"ŞIRNAK,Turkey",2019-06-30 23:33:38+00:00,1.0
1070,"ŞIRNAK,Turkey",2019-06-30 23:33:46+00:00,1.0
1071,"ŞIRNAK,Turkey",2019-06-30 23:35:35+00:00,-1.0
1072,"ŞIRNAK,Turkey",2019-06-30 23:37:50+00:00,1.0
1073,"ŞIRNAK,Turkey",2019-06-30 23:37:56+00:00,-1.0
1074,"ŞIRNAK,Turkey",2019-06-30 23:38:13+00:00,0.0
1075,"ŞIRNAK,Turkey",2019-06-30 23:38:42+00:00,1.0
1076,"ŞIRNAK,Turkey",2019-06-30 23:39:57+00:00,-1.0
1077,"ŞIRNAK,Turkey",2019-06-30 23:41:16+00:00,1.0
1078,"ŞIRNAK,Turkey",2019-06-30 23:41:25+00:00,-1.0
1079,"ŞIRNAK,Turkey",2019-06-30 23:42:53+00:00,0.0
1080,"ŞIRNAK,Turkey",2019-06-30 23:44:07+00:00,1.0
1081,"ŞIRNAK,Turkey",2019-06-30 23:44:33+00:00,0.0
1082,"ŞIRNAK,Turkey",2019-06-30 23:45:04+00:00,1.0
1083,"ŞIRNAK,Turkey",2019-06-30 23:45:54+00:00,-2.0
1084,"ŞIRNAK,Turkey",2019-06-30 23:45:58+00:00,-1.0
1085,"ŞIRNAK,Turkey",2019-06-30 23:46:21+00:00,-1.0
1086,"ŞIRNAK,Turkey",2019-06-30 23:46:52+00:00,-1.0
1087,"ŞIRNAK,Turkey",2019-06-30 23:49:36+00:00,-1.0
1088,"ŞIRNAK,Turkey",2019-06-30 23:50:17+00:00,1.0
1089,"ŞIRNAK,Turkey",2019-06-30 23:52:54+00:00,-1.0
1090,"ŞIRNAK,Turkey",2019-06-30 23:56:53+00:00,-1.0
1091,"ŞIRNAK,Turkey",2019-06-30 23:57:06+00:00,1.0
1092,"ŞIRNAK,Turkey",2019-06-30 23:58:00+00:00,1.0
1093,"ŞIRNAK,Turkey",2019-06-30 23:59:00+00:00,-1.0
1094,"ŞIRNAK,Turkey",2019-06-30 23:59:55+00:00,1.0
1095,"ŞIRNAK,Turkey",2019-07-31 23:37:10+00:00,-1.0
1096,"ŞIRNAK,Turkey",2019-07-31 23:37:11+00:00,1.0
1097,"ŞIRNAK,Turkey",2019-07-31 23:37:59+00:00,1.0
1098,"ŞIRNAK,Turkey",2019-07-31 23:38:28+00:00,-1.0
1099,"ŞIRNAK,Turkey",2019-07-31 23:41:12+00:00,-1.0
1100,"ŞIRNAK,Turkey",2019-07-31 23:41:50+00:00,-1.0
1101,"ŞIRNAK,Turkey",2019-07-31 23:42:23+00:00,1.0
1102,"ŞIRNAK,Turkey",2019-07-31 23:42:42+00:00,-1.0
1103,"ŞIRNAK,Turkey",2019-07-31 23:43:26+00:00,1.0
1104,"ŞIRNAK,Turkey",2019-07-31 23:45:16+00:00,1.0
1105,"ŞIRNAK,Turkey",2019-07-31 23:45:34+00:00,3.0
1106,"ŞIRNAK,Turkey",2019-07-31 23:46:06+00:00,-1.0
1107,"ŞIRNAK,Turkey",2019-07-31 23:47:55+00:00,-1.0
1108,"ŞIRNAK,Turkey",2019-07-31 23:48:16+00:00,1.0
1109,"ŞIRNAK,Turkey",2019-07-31 23:48:24+00:00,0.0
1110,"ŞIRNAK,Turkey",2019-07-31 23:49:41+00:00,-1.0
1111,"ŞIRNAK,Turkey",2019-07-31 23:50:11+00:00,1.0
1112,"ŞIRNAK,Turkey",2019-07-31 23:51:12+00:00,-2.0
1113,"ŞIRNAK,Turkey",2019-07-31 23:53:22+00:00,2.0
1114,"ŞIRNAK,Turkey",2019-07-31 23:54:14+00:00,1.0
1115,"ŞIRNAK,Turkey",2019-07-31 23:57:48+00:00,1.0
1116,"ŞIRNAK,Turkey",2019-07-31 23:58:11+00:00,-1.0
1117,"ŞIRNAK,Turkey",2019-07-31 23:58:36+00:00,1.0
1118,"ŞIRNAK,Turkey",2019-07-31 23:58:54+00:00,-1.0
1119,"ŞIRNAK,Turkey",2019-08-31 23:32:15+00:00,-1.0
1120,"ŞIRNAK,Turkey",2019-08-31 23:32:38+00:00,0.0
1121,"ŞIRNAK,Turkey",2019-08-31 23:33:17+00:00,1.0
1122,"ŞIRNAK,Turkey",2019-08-31 23:37:14+00:00,-1.0
1123,"ŞIRNAK,Turkey",2019-08-31 23:37:38+00:00,-2.0
1124,"ŞIRNAK,Turkey",2019-08-31 23:39:45+00:00,-1.0
1125,"ŞIRNAK,Turkey",2019-08-31 23:40:17+00:00,1.0
1126,"ŞIRNAK,Turkey",2019-08-31 23:41:26+00:00,1.0
1127,"ŞIRNAK,Turkey",2019-08-31 23:41:29+00:00,1.0
1128,"ŞIRNAK,Turkey",2019-08-31 23:43:19+00:00,-1.0
1129,"ŞIRNAK,Turkey",2019-08-31 23:44:13+00:00,1.0
1130,"ŞIRNAK,Turkey",2019-08-31 23:44:47+00:00,1.0
1131,"ŞIRNAK,Turkey",2019-08-31 23:45:18+00:00,0.0
1132,"ŞIRNAK,Turkey",2019-08-31 23:47:01+00:00,-1.0
1133,"ŞIRNAK,Turkey",2019-08-31 23:47:09+00:00,-1.0
1134,"ŞIRNAK,Turkey",2019-08-31 23:47:11+00:00,0.0
1135,"ŞIRNAK,Turkey",2019-08-31 23:49:16+00:00,3.0
1136,"ŞIRNAK,Turkey",2019-08-31 23:49:20+00:00,-1.0
1137,"ŞIRNAK,Turkey",2019-08-31 23:49:35+00:00,0.0
1138,"ŞIRNAK,Turkey",2019-08-31 23:49:52+00:00,1.0
1139,"ŞIRNAK,Turkey",2019-08-31 23:51:43+00:00,1.0
1140,"ŞIRNAK,Turkey",2019-08-31 23:52:47+00:00,-1.0
1141,"ŞIRNAK,Turkey",2019-08-31 23:53:06+00:00,0.0
1142,"ŞIRNAK,Turkey",2019-08-31 23:53:09+00:00,1.0
1143,"ŞIRNAK,Turkey",2019-08-31 23:53:19+00:00,1.0
1144,"ŞIRNAK,Turkey",2019-08-31 23:57:39+00:00,2.0
1145,"ŞIRNAK,Turkey",2019-08-31 23:58:44+00:00,1.0
1146,"ŞIRNAK,Turkey",2019-09-30 23:44:42+00:00,1.0
1147,"ŞIRNAK,Turkey",2019-09-30 23:44:56+00:00,1.0
1148,"ŞIRNAK,Turkey",2019-09-30 23:45:49+00:00,2.0
1149,"ŞIRNAK,Turkey",2019-09-30 23:47:17+00:00,-1.0
1150,"ŞIRNAK,Turkey",2019-09-30 23:47:25+00:00,1.0
1151,"ŞIRNAK,Turkey",2019-09-30 23:48:08+00:00,-1.0
1152,"ŞIRNAK,Turkey",2019-09-30 23:50:14+00:00,-1.0
1153,"ŞIRNAK,Turkey",2019-09-30 23:50:50+00:00,0.0
1154,"ŞIRNAK,Turkey",2019-09-30 23:51:04+00:00,1.0
1155,"ŞIRNAK,Turkey",2019-09-30 23:51:19+00:00,-2.0
1156,"ŞIRNAK,Turkey",2019-09-30 23:51:36+00:00,0.0
1157,"ŞIRNAK,Turkey",2019-09-30 23:52:21+00:00,0.0
1158,"ŞIRNAK,Turkey",2019-09-30 23:53:26+00:00,1.0
1159,"ŞIRNAK,Turkey",2019-09-30 23:54:29+00:00,1.0
1160,"ŞIRNAK,Turkey",2019-09-30 23:56:48+00:00,1.0
1161,"ŞIRNAK,Turkey",2019-09-30 23:57:01+00:00,1.0
1162,"ŞIRNAK,Turkey",2019-09-30 23:57:13+00:00,1.0
1163,"ŞIRNAK,Turkey",2019-09-30 23:57:40+00:00,-2.0
1164,"ŞIRNAK,Turkey",2019-09-30 23:58:05+00:00,-2.0
1165,"ŞIRNAK,Turkey",2019-09-30 23:58:09+00:00,1.0
1166,"ŞIRNAK,Turkey",2019-09-30 23:58:15+00:00,0.0
1167,"ŞIRNAK,Turkey",2019-10-31 23:27:25+00:00,1.0
1168,"ŞIRNAK,Turkey",2019-10-31 23:29:05+00:00,0.0
1169,"ŞIRNAK,Turkey",2019-10-31 23:29:28+00:00,1.0
1170,"ŞIRNAK,Turkey",2019-10-31 23:32:58+00:00,0.0
1171,"ŞIRNAK,Turkey",2019-10-31 23:34:00+00:00,-1.0
1172,"ŞIRNAK,Turkey",2019-10-31 23:34:12+00:00,-2.0
1173,"ŞIRNAK,Turkey",2019-10-31 23:34:32+00:00,-1.0
1174,"ŞIRNAK,Turkey",2019-10-31 23:35:08+00:00,1.0
1175,"ŞIRNAK,Turkey",2019-10-31 23:36:45+00:00,-1.0
1176,"ŞIRNAK,Turkey",2019-10-31 23:36:59+00:00,-2.0
1177,"ŞIRNAK,Turkey",2019-10-31 23:38:04+00:00,-2.0
1178,"ŞIRNAK,Turkey",2019-10-31 23:39:08+00:00,-1.0
1179,"ŞIRNAK,Turkey",2019-10-31 23:40:00+00:00,0.0
1180,"ŞIRNAK,Turkey",2019-10-31 23:41:20+00:00,1.0
1181,"ŞIRNAK,Turkey",2019-10-31 23:41:29+00:00,1.0
1182,"ŞIRNAK,Turkey",2019-10-31 23:42:10+00:00,1.0
1183,"ŞIRNAK,Turkey",2019-10-31 23:43:08+00:00,1.0
1184,"ŞIRNAK,Turkey",2019-10-31 23:43:14+00:00,-1.0
1185,"ŞIRNAK,Turkey",2019-10-31 23:45:05+00:00,1.0
1186,"ŞIRNAK,Turkey",2019-10-31 23:45:39+00:00,-2.0
1187,"ŞIRNAK,Turkey",2019-10-31 23:46:16+00:00,-1.0
1188,"ŞIRNAK,Turkey",2019-10-31 23:47:39+00:00,1.0
1189,"ŞIRNAK,Turkey",2019-10-31 23:50:20+00:00,-1.0
1190,"ŞIRNAK,Turkey",2019-10-31 23:50:44+00:00,1.0
1191,"ŞIRNAK,Turkey",2019-10-31 23:53:23+00:00,1.0
1192,"ŞIRNAK,Turkey",2019-10-31 23:53:55+00:00,0.0
1193,"ŞIRNAK,Turkey",2019-10-31 23:54:49+00:00,-1.0
1194,"ŞIRNAK,Turkey",2019-10-31 23:55:18+00:00,-2.0
1195,"ŞIRNAK,Turkey",2019-10-31 23:55:47+00:00,-2.0
1196,"ŞIRNAK,Turkey",2019-10-31 23:57:00+00:00,1.0
1197,"ŞIRNAK,Turkey",2019-10-31 23:57:24+00:00,1.0
1198,"ŞIRNAK,Turkey",2019-10-31 23:58:44+00:00,-2.0
1199,"ŞIRNAK,Turkey",2019-10-31 23:59:49+00:00,-1.0
1200,"ŞIRNAK,Turkey",2019-11-30 23:29:44+00:00,-1.0
1201,"ŞIRNAK,Turkey",2019-11-30 23:30:01+00:00,-1.0
1202,"ŞIRNAK,Turkey",2019-11-30 23:30:10+00:00,-1.0
1203,"ŞIRNAK,Turkey",2019-11-30 23:30:51+00:00,-1.0
1204,"ŞIRNAK,Turkey",2019-11-30 23:32:35+00:00,-1.0
1205,"ŞIRNAK,Turkey",2019-11-30 23:33:36+00:00,-1.0
1206,"ŞIRNAK,Turkey",2019-11-30 23:34:21+00:00,-1.0
1207,"ŞIRNAK,Turkey",2019-11-30 23:35:21+00:00,-1.0
1208,"ŞIRNAK,Turkey",2019-11-30 23:35:25+00:00,0.0
1209,"ŞIRNAK,Turkey",2019-11-30 23:35:49+00:00,-1.0
1210,"ŞIRNAK,Turkey",2019-11-30 23:36:48+00:00,-2.0
1211,"ŞIRNAK,Turkey",2019-11-30 23:36:49+00:00,1.0
1212,"ŞIRNAK,Turkey",2019-11-30 23:37:16+00:00,1.0
1213,"ŞIRNAK,Turkey",2019-11-30 23:37:51+00:00,-1.0
1214,"ŞIRNAK,Turkey",2019-11-30 23:38:28+00:00,0.0
1215,"ŞIRNAK,Turkey",2019-11-30 23:39:48+00:00,-2.0
1216,"ŞIRNAK,Turkey",2019-11-30 23:39:56+00:00,-1.0
1217,"ŞIRNAK,Turkey",2019-11-30 23:40:21+00:00,0.0
1218,"ŞIRNAK,Turkey",2019-11-30 23:40:51+00:00,1.0
1219,"ŞIRNAK,Turkey",2019-11-30 23:42:24+00:00,1.0
1220,"ŞIRNAK,Turkey",2019-11-30 23:44:00+00:00,0.0
1221,"ŞIRNAK,Turkey",2019-11-30 23:44:01+00:00,-2.0
1222,"ŞIRNAK,Turkey",2019-11-30 23:44:31+00:00,1.0
1223,"ŞIRNAK,Turkey",2019-11-30 23:45:56+00:00,1.0
1224,"ŞIRNAK,Turkey",2019-11-30 23:46:01+00:00,1.0
1225,"ŞIRNAK,Turkey",2019-11-30 23:46:41+00:00,-2.0
1226,"ŞIRNAK,Turkey",2019-11-30 23:46:53+00:00,1.0
1227,"ŞIRNAK,Turkey",2019-11-30 23:49:59+00:00,-1.0
1228,"ŞIRNAK,Turkey",2019-11-30 23:50:27+00:00,1.0
1229,"ŞIRNAK,Turkey",2019-11-30 23:52:58+00:00,-1.0
1230,"ŞIRNAK,Turkey",2019-11-30 23:53:38+00:00,1.0
1231,"ŞIRNAK,Turkey",2019-11-30 23:54:54+00:00,-1.0
1232,"ŞIRNAK,Turkey",2019-11-30 23:55:10+00:00,-1.0
1233,"ŞIRNAK,Turkey",2019-11-30 23:59:57+00:00,0.0
1234,"ŞIRNAK,Turkey",2019-12-31 23:30:08+00:00,1.0
1235,"ŞIRNAK,Turkey",2019-12-31 23:30:44+00:00,1.0
1236,"ŞIRNAK,Turkey",2019-12-31 23:31:36+00:00,1.0
1237,"ŞIRNAK,Turkey",2019-12-31 23:34:26+00:00,0.0
1238,"ŞIRNAK,Turkey",2019-12-31 23:34:41+00:00,-1.0
1239,"ŞIRNAK,Turkey",2019-12-31 23:37:29+00:00,1.0
1240,"ŞIRNAK,Turkey",2019-12-31 23:38:03+00:00,-1.0
1241,"ŞIRNAK,Turkey",2019-12-31 23:41:28+00:00,1.0
1242,"ŞIRNAK,Turkey",2019-12-31 23:41:59+00:00,-2.0
1243,"ŞIRNAK,Turkey",2019-12-31 23:44:24+00:00,-1.0
1244,"ŞIRNAK,Turkey",2019-12-31 23:45:56+00:00,-1.0
1245,"ŞIRNAK,Turkey",2019-12-31 23:47:22+00:00,1.0
1246,"ŞIRNAK,Turkey",2019-12-31 23:48:32+00:00,-1.0
1247,"ŞIRNAK,Turkey",2019-12-31 23:51:38+00:00,1.0
1248,"ŞIRNAK,Turkey",2019-12-31 23:51:54+00:00,-2.0
1249,"ŞIRNAK,Turkey",2019-12-31 23:53:54+00:00,-1.0
1250,"ŞIRNAK,Turkey",2019-12-31 23:54:35+00:00,1.0
1251,"ŞIRNAK,Turkey",2019-12-31 23:55:41+00:00,-1.0
1252,"ŞIRNAK,Turkey",2019-12-31 23:56:42+00:00,1.0
1253,"ŞIRNAK,Turkey",2019-12-31 23:57:38+00:00,1.0
1254,"ŞIRNAK,Turkey",2019-12-31 23:59:13+00:00,1.0
